식품명,식품오타,food_line
호떡,하떡,하떡<input>호떡
달걀찜(새우젓),새우젓계란찜,새우젓계란찜<input>달걀찜(새우젓)
오징어덮밥,오징이덥밥,오징이덥밥<input>오징어덮밥
참나물무침,참나물,참나물<input>참나물무침
크림소스스파게티,크림스파게티,크림스파게티<input>크림소스스파게티
안심돈가스,안심돈까쑤,안심돈까쑤<input>안심돈가스
쇠고기무국,쇠고기뭇국,쇠고기뭇국<input>쇠고기무국
채소샌드위치,채소샌드이치,채소샌드이치<input>채소샌드위치
채소볶음밥,채소보끈빱,채소보끈빱<input>채소볶음밥
볶음밥,볶은밥,볶은밥<input>볶음밥
골뱅이무침,골뱅이물침,골뱅이물침<input>골뱅이무침
생선초밥(모듬),모듬초밥,모듬초밥<input>생선초밥(모듬)
화양적,화양즉,화양즉<input>화양적
오이생채,오이이생채,오이이생채<input>오이생채
열무냉면,얼무냉면,얼무냉면<input>열무냉면
삼겹살고추장구이,고추장삼겹살,고추장삼겹살<input>삼겹살고추장구이
달걀라면,계란라면,계란라면<input>달걀라면
채소튀김,채소티김,채소티김<input>채소튀김
홍합미역국,홍합미역굳,홍합미역굳<input>홍합미역국
우거지된장국,우거지된장궁,우거지된장궁<input>우거지된장국
닭갈비,닭걀비,닭걀비<input>닭갈비
호박부침개,호박부침기,호박부침기<input>호박부침개
소시지볶음,소시지보끈,소시지보끈<input>소시지볶음
해물토마토소스스파게티,해물도마도수파게티,해물도마도수파게티<input>해물토마토소스스파게티
오징어찌개,오징이찌게,오징이찌게<input>오징어찌개
둘깨칼국수,들깨칼국시,들깨칼국시<input>둘깨칼국수
농어초밥,농어처밥,농어처밥<input>농어초밥
참치김치볶음,참치김치보끔,참치김치보끔<input>참치김치볶음
캘리포니아롤,캘리퍼니아럴,캘리퍼니아럴<input>캘리포니아롤
삼선우동,삼신우동,삼신우동<input>삼선우동
굴짬뽕,굴짬뿡,굴짬뿡<input>굴짬뽕
양념새우젓,응념새우젓,응념새우젓<input>양념새우젓
표고버섯전,표고버슷전,표고버슷전<input>표고버섯전
낙지무침,낙지뭇침,낙지뭇침<input>낙지무침
열무김치,얼무김치,얼무김치<input>열무김치
소고기버섯죽,소괴기버섯죽,소괴기버섯죽<input>소고기버섯죽
연어롤,연어럴,연어럴<input>연어롤
삼선자장면,삼선짜장면,삼선짜장면<input>삼선자장면
콩나물국,콩나멀국,콩나멀국<input>콩나물국
기스면,기스먼,기스먼<input>기스면
숯불갈비삼각김밥,숫불갈비삼각김밥,숫불갈비삼각김밥<input>숯불갈비삼각김밥
닭가슴살피망볶음,닭가슴살피망보끔,닭가슴살피망보끔<input>닭가슴살피망볶음
쇠고기샤브샤브,쇠고기샤푸샤푸,쇠고기샤푸샤푸<input>쇠고기샤브샤브
자장면,짜장먼,짜장먼<input>자장면
돼지고기수육,돼지수육,돼지수육<input>돼지고기수육
꽁치구이,꽁치,꽁치<input>꽁치구이
잡탕밥,잡팅밥,잡팅밥<input>잡탕밥
쇠고기수육,소괴기수육,소괴기수육<input>쇠고기수육
연포탕,연푸탕,연푸탕<input>연포탕
쇠고기버섯볶음,쇠고기버섯보끔,쇠고기버섯보끔<input>쇠고기버섯볶음
햄치즈샌드위치,햄치즈산도이취,햄치즈산도이취<input>햄치즈샌드위치
삼계탕,삼개탕,삼개탕<input>삼계탕
크로아상,크루아상,크루아상<input>크로아상
양파부추무침,양파부춧머침,양파부춧머침<input>양파부추무침
포테이토피자,포테토피자,포테토피자<input>포테이토피자
치킨까스,취킨까스,취킨까스<input>치킨까스
대구매운탕,대구우매운탕,대구우매운탕<input>대구매운탕
고들빼기,꼬들비기,꼬들비기<input>고들빼기
소고기샤브샤브,소고기샤푸샤푸,소고기샤푸샤푸<input>소고기샤브샤브
채소떡볶이,채소떡복이,채소떡복이<input>채소떡볶이
사골만두국,사골만둣국,사골만둣국<input>사골만두국
미나리나물,미나릐나물,미나릐나물<input>미나리나물
두부전골,두부전길,두부전길<input>두부전골
멸치조림,멸치쪼림,멸치쪼림<input>멸치조림
라조기,라조오긔,라조오긔<input>라조기
건갈치조림,건갤치조림,건갤치조림<input>건갈치조림
삼선우동,삼신우딩,삼신우딩<input>삼선우동
김치찌개,김치찌기,김치찌기<input>김치찌개
김치전,김취전,김취전<input>김치전
북엇국,북어국,북어국<input>북엇국
생크림케이크,생크림케익,생크림케익<input>생크림케이크
홍어무침,헝어머침,헝어머침<input>홍어무침
수수팥떡,수수팟떡,수수팟떡<input>수수팥떡
돼지고기메추리알장조림,돼지메추리알장조림,돼지메추리알장조림<input>돼지고기메추리알장조림
우거지곰탕,우거지굼탕,우거지굼탕<input>우거지곰탕
두부된장찌개,두부된장찌게,두부된장찌게<input>두부된장찌개
돼지고기찌개,대지찌게,대지찌게<input>돼지고기찌개
페이스트리빵,패스츄리빠앙,패스츄리빠앙<input>페이스트리빵
소시지튀김,소시지티김,소시지티김<input>소시지튀김
해물크림소스스파게티,해물쿠림파스타,해물쿠림파스타<input>해물크림소스스파게티
깻잎장아찌,깻잎짱아찌,깻잎짱아찌<input>깻잎장아찌
쇠고기고추장볶음,고추장소고기보끔,고추장소고기보끔<input>쇠고기고추장볶음
참치마요삼각김밥,참치마요삼각김빱,참치마요삼각김빱<input>참치마요삼각김밥
잔멸치꽈리고추볶음,잔멸치꽈리고추보끔,잔멸치꽈리고추보끔<input>잔멸치꽈리고추볶음
더덕구이,더덕구리,더덕구리<input>더덕구이
닭곰탕,닭꼼탕,닭꼼탕<input>닭곰탕
달걀라면,달갈라면,달갈라면<input>달걀라면
치킨무,치킨무우,치킨무우<input>치킨무
닭죽,닥죽,닥죽<input>닭죽
배추전,배추즌,배추즌<input>배추전
광어매운탕,광어매언탕,광어매언탕<input>광어매운탕
양파부추무침,양파부추머침,양파부추머침<input>양파부추무침
칼국수,칼국쑤,칼국쑤<input>칼국수
머위나물볶음,머위나물,머위나물<input>머위나물볶음
가죽나물무침,가죽나멀,가죽나멀<input>가죽나물무침
기피편,기피핀,기피핀<input>기피편
잔멸치꽈리고추볶음,잔멸치꽈리고추보끈,잔멸치꽈리고추보끈<input>잔멸치꽈리고추볶음
채소볶음밥,채소보끔밥,채소보끔밥<input>채소볶음밥
멸치견과류볶음,견과류멸치보끈,견과류멸치보끈<input>멸치견과류볶음
고사리나물무침,거사리나물,거사리나물<input>고사리나물무침
치커리겉절이,치커리거쩌리,치커리거쩌리<input>치커리겉절이
오리탕,오리타앙,오리타앙<input>오리탕
돼지고기메추리알장조림,대지고기메추리장조림,대지고기메추리장조림<input>돼지고기메추리알장조림
닭날개튀김,닥날개튀김,닥날개튀김<input>닭날개튀김
미나리무침,미나리머침,미나리머침<input>미나리무침
양배추샐러드,양배추샐러다,양배추샐러다<input>양배추샐러드
콤비네이션피자,콤비네션피자,콤비네션피자<input>콤비네이션피자
육회,윳캐,윳캐<input>육회
잔멸치꽈리고추볶음,꽈리고추잔멸치보끔,꽈리고추잔멸치보끔<input>잔멸치꽈리고추볶음
황태구이,황텨구이,황텨구이<input>황태구이
열무나물무침,열무나물,열무나물<input>열무나물무침
삼선자장면,삼선짜장믄,삼선짜장믄<input>삼선자장면
팥죽,팟죽,팟죽<input>팥죽
바지락조개국,바지락조개고,바지락조개고<input>바지락조개국
채소전,채소즌,채소즌<input>채소전
조갯국,조개국,조개국<input>조갯국
날치알김밥,날치알김빱,날치알김빱<input>날치알김밥
선지해장국,선지해잣국,선지해잣국<input>선지해장국
미역된장국,미역된장꾹,미역된장꾹<input>미역된장국
버터크림빵,빠다크림빵,빠다크림빵<input>버터크림빵
소시지튀김,소세지티김,소세지티김<input>소시지튀김
불고기버거,불괴기버거,불괴기버거<input>불고기버거
새우튀김,새우튀기,새우튀기<input>새우튀김
쇠고기수육,소고기수육,소고기수육<input>쇠고기수육
쫄면,쫄먼,쫄먼<input>쫄면
갈치조림,갤치조림,갤치조림<input>갈치조림
생크림케이크,생쿠림케잌,생쿠림케잌<input>생크림케이크
쥐포조림,지퍼조림,지퍼조림<input>쥐포조림
닭가슴살샐러드,닥가슴살샐러드,닥가슴살샐러드<input>닭가슴살샐러드
간장양념닭다리구이,간장양념닭다리,간장양념닭다리<input>간장양념닭다리구이
산자,산저,산저<input>산자
떡만둣국,떡만둣권,떡만둣권<input>떡만둣국
동치미,덩치미,덩치미<input>동치미
잔멸치풋고추볶음,풋고추잔멸치보끈,풋고추잔멸치보끈<input>잔멸치풋고추볶음
쇠고기고추장볶음,고추장소고기보끈,고추장소고기보끈<input>쇠고기고추장볶음
오징어채볶음,오징어채보끈,오징어채보끈<input>오징어채볶음
주꾸미볶음,쭈꾸미볶음,쭈꾸미볶음<input>주꾸미볶음
콤비네이션피자,콤비네이션피짜,콤비네이션피짜<input>콤비네이션피자
채소고로케,채소고로기,채소고로기<input>채소고로케
참치김치찌개,참치김치찌기,참치김치찌기<input>참치김치찌개
떡강정,떡깡정,떡깡정<input>떡강정
채소튀김,채소튀기,채소튀기<input>채소튀김
건취나물무침,건취나멀,건취나멀<input>건취나물무침
굴무국,굴뭇국,굴뭇국<input>굴무국
물냉면,물냉믄,물냉믄<input>물냉면
자장면,자장며언,자장며언<input>자장면
양념갈치젓,양념갤치젓,양념갤치젓<input>양념갈치젓
소고기김밥,소고기김빱,소고기김빱<input>소고기김밥
북어채무침,북어채머침,북어채머침<input>북어채무침
유부초밥,유부처밥,유부처밥<input>유부초밥
느타리버섯무침,느타리버섯뭇침,느타리버섯뭇침<input>느타리버섯무침
문어고추장볶음,고추장문어볶음,고추장문어볶음<input>문어고추장볶음
자장면,짜장민,짜장민<input>자장면
시루떡,시루뜩,시루뜩<input>시루떡
팥죽,팓죽,팓죽<input>팥죽
달래무침,달래멋침,달래멋침<input>달래무침
콩나물잡채,컹나물잡채,컹나물잡채<input>콩나물잡채
양파장아찌,양파장아지,양파장아지<input>양파장아찌
토란대나물무침,토란대나물,토란대나물<input>토란대나물무침
배추나물무침,배츄나물,배츄나물<input>배추나물무침
황태해장국,항태해장국,항태해장국<input>황태해장국
삼치구이,삼치,삼치<input>삼치구이
어묵국,오댕국,오댕국<input>어묵국
열무냉면,열뮤냉면,열뮤냉면<input>열무냉면
안심돈가스,안심돈가수,안심돈가수<input>안심돈가스
치즈돈가스,치주돈까쑤,치주돈까쑤<input>치즈돈가스
유채나물무침,유채무침,유채무침<input>유채나물무침
고기만두,괴기만두,괴기만두<input>고기만두
햄부침,햄버침,햄버침<input>햄부침
녹두빈대떡,녹두빌대떡,녹두빌대떡<input>녹두빈대떡
당근볶음,당근보끔,당근보끔<input>당근볶음
쥐포튀김,지포튀김,지포튀김<input>쥐포튀김
소시지튀김,소세지튀김,소세지튀김<input>소시지튀김
새우볶음,새우보끔,새우보끔<input>새우볶음
생크림케이크,생쿠림케익,생쿠림케익<input>생크림케이크
햄샌드위치,햄산도이취,햄산도이취<input>햄샌드위치
꼬막찜,꺼막찜,꺼막찜<input>꼬막찜
쇠고기고추장볶음,쇠고기고츄장볶음,쇠고기고츄장볶음<input>쇠고기고추장볶음
마늘장아찌,마널장아찌,마널장아찌<input>마늘장아찌
생선물회,생신물회,생신물회<input>생선물회
찐고구마,찐고구미,찐고구미<input>찐고구마
풋마늘무침,풋마늘머침,풋마늘머침<input>풋마늘무침
열무김치국수,열무김치국쑤,열무김치국쑤<input>열무김치국수
햄달걀부침,햄달걀버침,햄달걀버침<input>햄달걀부침
가지전,가지저언,가지저언<input>가지전
호박찌개,호박찌기,호박찌기<input>호박찌개
소고기메추리알장조림,소괴기메추리장조림,소괴기메추리장조림<input>소고기메추리알장조림
쇠고기채소볶음,쇠고기채소보끈,쇠고기채소보끈<input>쇠고기채소볶음
어묵조림,어묵쪼림,어묵쪼림<input>어묵조림
닭죽,닥쭉,닥쭉<input>닭죽
양파볶음,양파보끈,양파보끈<input>양파볶음
연근조림,연근쪼림,연근쪼림<input>연근조림
육회비빔밥,유쾌비빔밥,유쾌비빔밥<input>육회비빔밥
참치김치볶음,참치김치보끔,참치김치보끔<input>참치김치볶음
양파부추무침,양파부츄뭇침,양파부츄뭇침<input>양파부추무침
햄버그스테이크,햄버그스테이탁,햄버그스테이탁<input>햄버그스테이크
낙지무침,낙지멋침,낙지멋침<input>낙지무침
잔멸치고추볶음,고추잔멸치보끈,고추잔멸치보끈<input>잔멸치고추볶음
쇠고기된장찌개,쇠고기된장찌게,쇠고기된장찌게<input>쇠고기된장찌개
오리불고기,오리불괴기,오리불괴기<input>오리불고기
잣죽,잣적,잣적<input>잣죽
돼지고기완자전,대지고기완자즌,대지고기완자즌<input>돼지고기완자전
달걀말이,계란말이,계란말이<input>달걀말이
양장피,양짱피,양짱피<input>양장피
참치샌드위치,참치산도이치,참치산도이치<input>참치샌드위치
쇠고기김밥,소고기김밥,소고기김밥<input>쇠고기김밥
만주,만쥬,만쥬<input>만주
크로아상,크롸상,크롸상<input>크로아상
삼선자장면,삼신짜짱면,삼신짜짱면<input>삼선자장면
닭고기대파꼬치구이,닭고기대파꼬치,닭고기대파꼬치<input>닭고기대파꼬치구이
닭찜,닥찜,닥찜<input>닭찜
쑥갓나물무침,쑥갓나멀무침,쑥갓나멀무침<input>쑥갓나물무침
감자크로켓,감자쿠로켓,감자쿠로켓<input>감자크로켓
찹쌀떡,츱쌀뜩,츱쌀뜩<input>찹쌀떡
굴전,굴즌,굴즌<input>굴전
페이스트리빵,페스틀리빵,페스틀리빵<input>페이스트리빵
꽃게탕,꼿게탕,꼿게탕<input>꽃게탕
메밀전병,메밀전빙,메밀전빙<input>메밀전병
단호박샐러드,단호박사라다,단호박사라다<input>단호박샐러드
모듬찰떡,모둠찰떡,모둠찰떡<input>모듬찰떡
콩나물국,콩나멀꾹,콩나멀꾹<input>콩나물국
대구매운탕,대구매언탕,대구매언탕<input>대구매운탕
청국장찌개,청국장찌기,청국장찌기<input>청국장찌개
굴국밥,굽굴밥,굽굴밥<input>굴국밥
대구찜,대거찜,대거찜<input>대구찜
애호박전,에호박전,에호박전<input>애호박전
깻잎찜,깻입찜,깻입찜<input>깻잎찜
돼지고기메추리알장조림,돼지괴기메추리알장조림,돼지괴기메추리알장조림<input>돼지고기메추리알장조림
쇠고기완자전,소고기완자전,소고기완자전<input>쇠고기완자전
쥐치채,쥐취채,쥐취채<input>쥐치채
채소고로케,채소고로게,채소고로게<input>채소고로케
조개된장찌개,조게된장찌게,조게된장찌게<input>조개된장찌개
마늘쫑볶음,마늘쫑보끔,마늘쫑보끔<input>마늘쫑볶음
햄달걀부침,햄달걀붓침,햄달걀붓침<input>햄달걀부침
찐옥수수,찐옥시시,찐옥시시<input>찐옥수수
제육볶음,제육보끔,제육보끔<input>제육볶음
씀바귀나물무침,씀바귀나물,씀바귀나물<input>씀바귀나물무침
날치알김밥,낼치알김밥,낼치알김밥<input>날치알김밥
돼지고기장조림,대지고기장조림,대지고기장조림<input>돼지고기장조림
BLT샌드위치,BLT산도이치,BLT산도이치<input>BLT샌드위치
시래기된장국,쉬래기된장꾹,쉬래기된장꾹<input>시래기된장국
두부된장찌개,두부된장찌기,두부된장찌기<input>두부된장찌개
치킨까스,치킨가스,치킨가스<input>치킨까스
BLT샌드위치,비엘티샌도위치,비엘티샌도위치<input>BLT샌드위치
간장양념닭다리구이,간장닭다리,간장닭다리<input>간장양념닭다리구이
페이스트리빵,페스트리빵,페스트리빵<input>페이스트리빵
어묵잡채,어묵잡치,어묵잡치<input>어묵잡채
양상추샐러드,양상추샐러다,양상추샐러다<input>양상추샐러드
초콜릿케이크,쪼코게이크,쪼코게이크<input>초콜릿케이크
맑은감자국,하얀감자국,하얀감자국<input>맑은감자국
메밀전,메밀저언,메밀저언<input>메밀전
계란볶음밥,달걀볶음밥,달걀볶음밥<input>계란볶음밥
돼지고기메추리알장조림,돼지메추리알장조림,돼지메추리알장조림<input>돼지고기메추리알장조림
멸치주먹밥,멸치주먹빱,멸치주먹빱<input>멸치주먹밥
쇠고기채소볶음,소고기채소볶음,소고기채소볶음<input>쇠고기채소볶음
양송이스프,양송이수프,양송이수프<input>양송이스프
맑은감자국,말근감자국,말근감자국<input>맑은감자국
우엉조림,우엉쪼림,우엉쪼림<input>우엉조림
고구마맛탕,거구마마탕,거구마마탕<input>고구마맛탕
등심스테이크,등심스테키,등심스테키<input>등심스테이크
해물칼국수,햐물칼걱수,햐물칼걱수<input>해물칼국수
닭꼬치,다꼬칭,다꼬칭<input>닭꼬치
알밥,알빱,알빱<input>알밥
햄버거,함버걸,함버걸<input>햄버거
깍두기,깍뚜기,깍뚜기<input>깍두기
채소샌드위치,채소산도이취,채소산도이취<input>채소샌드위치
생선물회,생선무레,생선무레<input>생선물회
소보로빵,소보루빠앙,소보루빠앙<input>소보로빵
회덮밥,해덮밥,해덮밥<input>회덮밥
곰보빵,곰부빵,곰부빵<input>곰보빵
머위대나물무침,머위대나멀,머위대나멀<input>머위대나물무침
해초무침,해초머침,해초머침<input>해초무침
열무김치국수,열무김치국시,열무김치국시<input>열무김치국수
참치샐러드,참치샐러다,참치샐러다<input>참치샐러드
무된장국,무된짱국,무된짱국<input>무된장국
골뱅이국수무침,골빙이국시무침,골빙이국시무침<input>골뱅이국수무침
골뱅이국수무침,골뱅이비빔국수,골뱅이비빔국수<input>골뱅이국수무침
오이김치,오이김칫,오이김칫<input>오이김치
새싹채소샐러드,새싹채서샐러드,새싹채서샐러드<input>새싹채소샐러드
시금치나물무침,시금치나멀,시금치나멀<input>시금치나물무침
호박죽,흐박죽,흐박죽<input>호박죽
삼치조림,삼치쪼림,삼치쪼림<input>삼치조림
내장탕,내장턍,내장턍<input>내장탕
쇠고기볶음밥,쇠고기보끈밥,쇠고기보끈밥<input>쇠고기볶음밥
꽈리고추멸치볶음,멸치꽈리고추보끈,멸치꽈리고추보끈<input>꽈리고추멸치볶음
떡볶이,떡뽀끼,떡뽀끼<input>떡볶이
메추리알장조림,매추리알장쪼림,매추리알장쪼림<input>메추리알장조림
토마토소스스파게티,토마토파시타,토마토파시타<input>토마토소스스파게티
새송이버섯볶음,새송이버섯보끔,새송이버섯보끔<input>새송이버섯볶음
한치초밥,한치초빕,한치초빕<input>한치초밥
곰탕,굼탕,굼탕<input>곰탕
쇠갈비찜,소갈비찜,소갈비찜<input>쇠갈비찜
갈치찌개,갤치찌개,갤치찌개<input>갈치찌개
감잣국,감자꾹,감자꾹<input>감잣국
고추볶음,고츄보끔,고츄보끔<input>고추볶음
달래나물무침,달래나물,달래나물<input>달래나물무침
볶음우동,보끔우딩,보끔우딩<input>볶음우동
해파리냉채,해파리낭채,해파리낭채<input>해파리냉채
청국장찌개,청국장찌기,청국장찌기<input>청국장찌개
꽈리고추찜,꽈리거추찜,꽈리거추찜<input>꽈리고추찜
머핀,머쀤,머쀤<input>머핀
맑은감자국,말근감저꾹,말근감저꾹<input>맑은감자국
팥빙수,팓빙쑤,팓빙쑤<input>팥빙수
간장양념닭다리튀김,간장닭다리튀김,간장닭다리튀김<input>간장양념닭다리튀김
닭고추장조림,닭고추장쪼림,닭고추장쪼림<input>닭고추장조림
돼지고기볶음,돼지괴기볶음,돼지괴기볶음<input>돼지고기볶음
런천미트구이,런천미트,런천미트<input>런천미트구이
쫄면,쫄민,쫄민<input>쫄면
소갈비찜,서갈비찜,서갈비찜<input>소갈비찜
콩비지찌개,콩비지찌기,콩비지찌기<input>콩비지찌개
굴국밥,굴국빱,굴국빱<input>굴국밥
메추리알장조림,매추리알장조림,매추리알장조림<input>메추리알장조림
파래무침,파래뭇침,파래뭇침<input>파래무침
순대,순디,순디<input>순대
깻잎나물무침,깻잎나물,깻잎나물<input>깻잎나물무침
고추튀김,고츄튀김,고츄튀김<input>고추튀김
수수부꾸미,수수부구미,수수부구미<input>수수부꾸미
소고기무국,소고기뮤국,소고기뮤국<input>소고기무국
볶음밥,뽂음밥,뽂음밥<input>볶음밥
죽순쇠고기볶음,쇠고기죽쑨볶음,쇠고기죽쑨볶음<input>죽순쇠고기볶음
낙지볶음,낙지보끔,낙지보끔<input>낙지볶음
소고기샤브샤브,소고기샤푸,소고기샤푸<input>소고기샤브샤브
달걀말이,계란마리,계란마리<input>달걀말이
돼지고기메추리알장조림,돼지메추리장조림,돼지메추리장조림<input>돼지고기메추리알장조림
돼지고기완자전,돼지고기완자즌,돼지고기완자즌<input>돼지고기완자전
달걀프라이,계란후라이,계란후라이<input>달걀프라이
소양념갈비구이,소양념갈비,소양념갈비<input>소양념갈비구이
자장밥,자장법,자장법<input>자장밥
피자빵,피짜빠앙,피짜빠앙<input>피자빵
쌀국수,살국수,살국수<input>쌀국수
애호박전,애호박즌,애호박즌<input>애호박전
장어덮밥,장우더밥,장우더밥<input>장어덮밥
꽁치조림,꽁치죄림,꽁치죄림<input>꽁치조림
나박김치,나박김취,나박김취<input>나박김치
연포탕,연포타앙,연포타앙<input>연포탕
임연수구이,임연수구미,임연수구미<input>임연수구이
김밥,김빱,김빱<input>김밥
모듬찰떡,모둠찰띡,모둠찰띡<input>모듬찰떡
크로아상,크와상,크와상<input>크로아상
묵은지삼겹살볶음,삼겹살묵은지보끔,삼겹살묵은지보끔<input>묵은지삼겹살볶음
송편(깨),깨송펴언,깨송펴언<input>송편(깨)
오이나물무침,오이무침,오이무침<input>오이나물무침
BLT샌드위치,BLT샌도이치,BLT샌도이치<input>BLT샌드위치
무나물무침,무나물,무나물<input>무나물무침
토마토소스스파게티,토마토파수타,토마토파수타<input>토마토소스스파게티
동그랑땡(육원전),동그랑땡,동그랑땡<input>동그랑땡(육원전)
돼지곱창순대볶음,대지곱창순디보끔,대지곱창순디보끔<input>돼지곱창순대볶음
쥐포튀김,쥐포튀김,쥐포튀김<input>쥐포튀김
떡국,떡꾹,떡꾹<input>떡국
어묵잡채,오뎅잡치,오뎅잡치<input>어묵잡채
골뱅이무침,골뱅이머침,골뱅이머침<input>골뱅이무침
호박찌개,허박찌개,허박찌개<input>호박찌개
황태해장국,황태해장국,황태해장국<input>황태해장국
달걀프라이,계란후라이,계란후라이<input>달걀프라이
쑥갓나물무침,쑥갓나물,쑥갓나물<input>쑥갓나물무침
맑은감자국,맑은감자구,맑은감자구<input>맑은감자국
닭가슴살샐러드,닭가슴살샐러다,닭가슴살샐러다<input>닭가슴살샐러드
황태구이,황태구인,황태구인<input>황태구이
멸치풋고추볶음,볶은멸치풋고추,볶은멸치풋고추<input>멸치풋고추볶음
새우탕,새우타앙,새우타앙<input>새우탕
난자완스,난자완쑤,난자완쑤<input>난자완스
고구마줄기나물무침,고구마줄기나물,고구마줄기나물<input>고구마줄기나물무침
오므라이스,오무라이스,오무라이스<input>오므라이스
생크림케이크,생크림케잌,생크림케잌<input>생크림케이크
간장양념치킨,간장응념치킨,간장응념치킨<input>간장양념치킨
BLT샌드위치,BLT샌드이치,BLT샌드이치<input>BLT샌드위치
고등어조림,고등이죄림,고등이죄림<input>고등어조림
닭곰탕,닥꼼탕,닥꼼탕<input>닭곰탕
불고기피자,불고기피저,불고기피저<input>불고기피자
쇠고기샤브샤브,쇠고기샤부,쇠고기샤부<input>쇠고기샤브샤브
고들빼기,고들삐기,고들삐기<input>고들빼기
제육덮밥,제육더빱,제육더빱<input>제육덮밥
조개된장찌개,조개된장찌게,조개된장찌게<input>조개된장찌개
냉이나물무침,냉이나물,냉이나물<input>냉이나물무침
해파리냉채,해파리냉치,해파리냉치<input>해파리냉채
잔멸치견과류볶음,잔멸치견과류보끈,잔멸치견과류보끈<input>잔멸치견과류볶음
사과파이,사가파이,사가파이<input>사과파이
양념멸치젓,응념멸치젓,응념멸치젓<input>양념멸치젓
홍합무국,헝합무꾹,헝합무꾹<input>홍합무국
오징어젓,오징이젓,오징이젓<input>오징어젓
포테이토피자,퍼테이토피자,퍼테이토피자<input>포테이토피자
노각무침,노각물침,노각물침<input>노각무침
달걀찜(우유),우유달갈찜,우유달갈찜<input>달걀찜(우유)
새우탕수육,새우탕수역,새우탕수역<input>새우탕수육
무지개떡,무지개뜩,무지개뜩<input>무지개떡
닭고추장조림,닥꼬추장조림,닥꼬추장조림<input>닭고추장조림
삼선볶음밥,삼선보끔빱,삼선보끔빱<input>삼선볶음밥
가오리찜,가오리짐,가오리짐<input>가오리찜
쇠고기사태찜,소고기사태찜,소고기사태찜<input>쇠고기사태찜
조기조림,쪼기조림,쪼기조림<input>조기조림
제육덮밥,재육덥밥,재육덥밥<input>제육덮밥
굴짬뽕,걸짬뽕,걸짬뽕<input>굴짬뽕
짬뽕,짬뿡,짬뿡<input>짬뽕
안심스테이크,안심스태이크,안심스태이크<input>안심스테이크
호박잎된장국,호박닙된장국,호박닙된장국<input>호박잎된장국
표고버섯볶음밥,표고버섯보끈빱,표고버섯보끈빱<input>표고버섯볶음밥
풋마늘무침,풋마늘멋침,풋마늘멋침<input>풋마늘무침
짬뽕라면,짬봉라면,짬봉라면<input>짬뽕라면
참치마요네즈삼각김밥,참치마요삼김,참치마요삼김<input>참치마요네즈삼각김밥
해물콩나물찜,해물콩내물찜,해물콩내물찜<input>해물콩나물찜
우렁된장국,우렁된장굼,우렁된장굼<input>우렁된장국
자장면,짜장면,짜장면<input>자장면
오이소박이,오이소백이,오이소백이<input>오이소박이
장어초밥,장어처밥,장어처밥<input>장어초밥
대구지리탕,대구지리타앙,대구지리타앙<input>대구지리탕
김치김밥,김취김밥,김취김밥<input>김치김밥
호박오가리나물무침,호박오가리나물,호박오가리나물<input>호박오가리나물무침
탕평채,탕펑채,탕펑채<input>탕평채
두부전,두부즌,두부즌<input>두부전
돌나물물김치,돌나멀물김치,돌나멀물김치<input>돌나물물김치
김치볶음,김치보끈,김치보끈<input>김치볶음
모듬회덮밥,모둠회더빱,모둠회더빱<input>모듬회덮밥
함박스테이크,햄박스테쿠,햄박스테쿠<input>함박스테이크
고구마줄기나물무침,고구마순무침,고구마순무침<input>고구마줄기나물무침
고들빼기,고들배기,고들배기<input>고들빼기
갈치찌개,갈치찌기,갈치찌기<input>갈치찌개
버섯찌개,버섯찌기,버섯찌기<input>버섯찌개
바지락칼국수,버지락칼국수,버지락칼국수<input>바지락칼국수
어묵채소볶음,오뎅채소보끔,오뎅채소보끔<input>어묵채소볶음
크로아상,크로와상,크로와상<input>크로아상
쥐포구이,쥐퍼구이,쥐퍼구이<input>쥐포구이
양장피,양장피이,양장피이<input>양장피
소고기김밥,쇠고기김뱝,쇠고기김뱝<input>소고기김밥
뱅어포구이,뱅어포,뱅어포<input>뱅어포구이
마늘빵,마늘빠앙,마늘빠앙<input>마늘빵
오일소스스파게티,오일파스타,오일파스타<input>오일소스스파게티
소시지튀김,소시지튀기,소시지튀기<input>소시지튀김
돼지껍데기볶음,돼지껍디기볶음,돼지껍디기볶음<input>돼지껍데기볶음
식빵토스트,식빵토슷트,식빵토슷트<input>식빵토스트
미나리무침,미나리이무침,미나리이무침<input>미나리무침
비름나물무침,비름나물,비름나물<input>비름나물무침
어묵국,어묵꾹,어묵꾹<input>어묵국
농어초밥,농어초빕,농어초빕<input>농어초밥
쇠불고기,쇠불괴기,쇠불괴기<input>쇠불고기
달걀찜(새우젓),새우젓게란찜,새우젓게란찜<input>달걀찜(새우젓)
골뱅이국수무침,비빔골뱅이국수,비빔골뱅이국수<input>골뱅이국수무침
뼈다귀해장국,빼다구해장공,빼다구해장공<input>뼈다귀해장국
우거지해장국,우거지해장꾹,우거지해장꾹<input>우거지해장국
근대된장국,근대됭장꾹,근대됭장꾹<input>근대된장국
달걀찜(새우젓),계란찜(새우젓),계란찜(새우젓)<input>달걀찜(새우젓)
쇠고기무국,쇠고기무꾹,쇠고기무꾹<input>쇠고기무국
방풍나물무침,방풍나물,방풍나물<input>방풍나물무침
도토리묵,더터리묵,더터리묵<input>도토리묵
양념갈치젓,응념갈츼젓,응념갈츼젓<input>양념갈치젓
닭튀김,닥투김,닥투김<input>닭튀김
오이지,오이이지,오이이지<input>오이지
쟁반국수,쟁반국쑤,쟁반국쑤<input>쟁반국수
고구마줄기나물무침,거구마순,거구마순<input>고구마줄기나물무침
오징어무침,오징이멋침,오징이멋침<input>오징어무침
홍합미역국,홍합미역괭,홍합미역괭<input>홍합미역국
오이지무침,오이지이무침,오이지이무침<input>오이지무침
페이스트리,페스트리,페스트리<input>페이스트리
카레라이스,카레라이서,카레라이서<input>카레라이스
부추전,부츄전,부츄전<input>부추전
닭가슴살피망볶음,닥까슴살피망보끔,닥까슴살피망보끔<input>닭가슴살피망볶음
떡만두국,떡만더국,떡만더국<input>떡만두국
오이부추무침,오이부츄무침,오이부츄무침<input>오이부추무침
매작과,메작까,메작까<input>매작과
미트볼토마토스파게티,미트볼도마도파스타,미트볼도마도파스타<input>미트볼토마토스파게티
코다리조림,커다리조림,커다리조림<input>코다리조림
더덕구이,더덕구운,더덕구운<input>더덕구이
마늘쫑볶음,마늘종보끔,마늘종보끔<input>마늘쫑볶음
느타리버섯볶음,너타리버섯보끔,너타리버섯보끔<input>느타리버섯볶음
굴비구이,굴비괴이,굴비괴이<input>굴비구이
햄김치찌개,햄김취찌기,햄김취찌기<input>햄김치찌개
파래무침,파래멋침,파래멋침<input>파래무침
우거지해장국,우거지해장공,우거지해장공<input>우거지해장국
김칫국,김치국,김치국<input>김칫국
토마토소스스파게티,토마터스파게티,토마터스파게티<input>토마토소스스파게티
낙지볶음,낙지보끔,낙지보끔<input>낙지볶음
더덕구이,더덥구이,더덥구이<input>더덕구이
크로아상,크러아상,크러아상<input>크로아상
송편(깨),깨송핀,깨송핀<input>송편(깨)
육회비빔밥,유캐비빔빱,유캐비빔빱<input>육회비빔밥
닭가슴살샌드위치,닭가슴살산도이치,닭가슴살산도이치<input>닭가슴살샌드위치
감자전,감저전,감저전<input>감자전
미역국,미역꾹,미역꾹<input>미역국
치즈피자,치주피자,치주피자<input>치즈피자
소고기메추리알장조림,소메추리알장조림,소메추리알장조림<input>소고기메추리알장조림
경단(깨),깨경딘,깨경딘<input>경단(깨)
열무김치국수,얼무김치국수,얼무김치국수<input>열무김치국수
돌나물물김치,돌나문김치,돌나문김치<input>돌나물물김치
어묵볶음,어묵보끔,어묵보끔<input>어묵볶음
김무침,김머침,김머침<input>김무침
고추전,고츄전,고츄전<input>고추전
난자완스,난스완자,난스완자<input>난자완스
오곡밥,오곡빱,오곡빱<input>오곡밥
재첩국,제첩국,제첩국<input>재첩국
양송이버섯볶음,양송이버싯볶음,양송이버싯볶음<input>양송이버섯볶음
찹쌀도넛,찹쌀도너츠,찹쌀도너츠<input>찹쌀도넛
깻잎전,깻닙전,깻닙전<input>깻잎전
새우초밥,새우처밥,새우처밥<input>새우초밥
호박부침개,호박부침객,호박부침객<input>호박부침개
갈치찌개,갈치찌게,갈치찌게<input>갈치찌개
참치볶음밥,참치보끔밥,참치보끔밥<input>참치볶음밥
버섯샤브샤브,버섯샤푸샤푸,버섯샤푸샤푸<input>버섯샤브샤브
표고버섯구이,표고버슷구이,표고버슷구이<input>표고버섯구이
호박고추장찌개,호박고추장찌기,호박고추장찌기<input>호박고추장찌개
무나물무침,머나물,머나물<input>무나물무침
식빵토스트,식빠앙토슷트,식빠앙토슷트<input>식빵토스트
복지리탕,복지리타앙,복지리타앙<input>복지리탕
미숫가루,미수까루,미수까루<input>미숫가루
홍합미역국,홍합미엽국,홍합미엽국<input>홍합미역국
깻잎장아찌,깬닙장아찌,깬닙장아찌<input>깻잎장아찌
어묵볶음,어묵보끈,어묵보끈<input>어묵볶음
자장밥,짜장밥,짜장밥<input>자장밥
안심스테이크,안심스테키,안심스테키<input>안심스테이크
김치찌개,김치지개,김치지개<input>김치찌개
오일소스스파게티,오일소스파스타,오일소스파스타<input>오일소스스파게티
소고기국밥,쇠고기국밥,쇠고기국밥<input>소고기국밥
무된장국,무된장걱,무된장걱<input>무된장국
콤비네이션피자,컴비네이션피자,컴비네이션피자<input>콤비네이션피자
닭강정,닥깡정,닥깡정<input>닭강정
우거지해장국,우거지해장괭,우거지해장괭<input>우거지해장국
팔보채,파알보채,파알보채<input>팔보채
하이라이스,하이라이수,하이라이수<input>하이라이스
햄버거,함버거,함버거<input>햄버거
팥빙수,파핑수,파핑수<input>팥빙수
백설기,설기,설기<input>백설기
문어고추장볶음,문어고추장보끔,문어고추장보끔<input>문어고추장볶음
삼선우동, 쌈썬우동, 쌈썬우동<input>삼선우동
감자샐러드,감저샐러드,감저샐러드<input>감자샐러드
육개장,욱개장,욱개장<input>육개장
풋고추된장무침,풋고추된장뭇침,풋고추된장뭇침<input>풋고추된장무침
초코소라빵,초콜릿소라빵,초콜릿소라빵<input>초코소라빵
고추장불고기삼각김밥,고츄장불괴기삼각김밥,고츄장불괴기삼각김밥<input>고추장불고기삼각김밥
해물크림소스스파게티,해물쿠림스파게티,해물쿠림스파게티<input>해물크림소스스파게티
돼지고기찌개,돼지고기찌게,돼지고기찌게<input>돼지고기찌개
부대찌개,부대찌게,부대찌게<input>부대찌개
오이냉국,오이냉꾹,오이냉꾹<input>오이냉국
등심스테이크,둥심스테키,둥심스테키<input>등심스테이크
마늘쫑잔멸치볶음,마늘종잔멸치볶음,마늘종잔멸치볶음<input>마늘쫑잔멸치볶음
해물칼국수,해물칼국시,해물칼국시<input>해물칼국수
양파장아찌,양팟장아지,양팟장아지<input>양파장아찌
더덕구이,더득구이,더득구이<input>더덕구이
순댓국,순대국,순대국<input>순댓국
소고기샤브샤브,소고기샤브,소고기샤브<input>소고기샤브샤브
닭칼국수,닭칼국시,닭칼국시<input>닭칼국수
쇠고기사태찜,소고기삿태찜,소고기삿태찜<input>쇠고기사태찜
상추겉절이,상추거쩌리,상추거쩌리<input>상추겉절이
시금치된장국,시금치된장국,시금치된장국<input>시금치된장국
냉김치말이국수,냉김취말이국시,냉김취말이국시<input>냉김치말이국수
김칫국,김취국,김취국<input>김칫국
홍합미역국,흥합미역꾹,흥합미역꾹<input>홍합미역국
크림소스스파게티,크림파스타,크림파스타<input>크림소스스파게티
햄김치찌개,햄김치찌기,햄김치찌기<input>햄김치찌개
쇠고기샤브샤브,쇠고기샤부샤부,쇠고기샤부샤부<input>쇠고기샤브샤브
쇠고기볶음,쇠고기보끈,쇠고기보끈<input>쇠고기볶음
녹두빈대떡,녹두빈대떡,녹두빈대떡<input>녹두빈대떡
홍합미역국,홍합미윽국,홍합미윽국<input>홍합미역국
돼지고기김치찌개,대지고기김치찌기,대지고기김치찌기<input>돼지고기김치찌개
간장마늘쫑장아찌,간장마늘쫑짱아찌,간장마늘쫑짱아찌<input>간장마늘쫑장아찌
수수팥떡,수수팥떤,수수팥떤<input>수수팥떡
백설기,백살기,백살기<input>백설기
꽃게탕,꼿개탕,꼿개탕<input>꽃게탕
토마토소스스파게티,토마토파스타,토마토파스타<input>토마토소스스파게티
닭가슴살샌드위치,닭가슴살산도이취,닭가슴살산도이취<input>닭가슴살샌드위치
고추볶음,고추보끈,고추보끈<input>고추볶음
송화다식,송화다싱,송화다싱<input>송화다식
냉이된장국,냉이됭장국,냉이됭장국<input>냉이된장국
취나물,취나멀,취나멀<input>취나물
파전,파즌,파즌<input>파전
깻잎김치,깬닙김취,깬닙김취<input>깻잎김치
참치샌드위치,참취샌드이치,참취샌드이치<input>참치샌드위치
오징어조림,오징어쪼림,오징어쪼림<input>오징어조림
오이부추무침,오이부춧머침,오이부춧머침<input>오이부추무침
조개된장찌개,조개된장찌기,조개된장찌기<input>조개된장찌개
닭갈비,닭갤비,닭갤비<input>닭갈비
호떡,핫떡,핫떡<input>호떡
멸치풋고추볶음,멸치풋고추보끔,멸치풋고추보끔<input>멸치풋고추볶음
닭꼬치,다꼬치,다꼬치<input>닭꼬치
과일샐러드,과일샐러다,과일샐러다<input>과일샐러드
가자미전,가마지즌,가마지즌<input>가자미전
시루떡,씨루딱,씨루딱<input>시루떡
메밀국수,메밀국시,메밀국시<input>메밀국수
소고기산적,소괴기산적,소괴기산적<input>소고기산적
간자장,간짜좡,간짜좡<input>간자장
순두부달걀탕,순두부계란탕,순두부계란탕<input>순두부달걀탕
멸치마늘쫑볶음,멸치마늘종볶음,멸치마늘종볶음<input>멸치마늘쫑볶음
쇠고기주먹밥,쇠고기주먹빱,쇠고기주먹빱<input>쇠고기주먹밥
어묵채소볶음,어묵채소보끔,어묵채소보끔<input>어묵채소볶음
피조개무침,피조개멋침,피조개멋침<input>피조개무침
김치콩나물국,김취콩나물국,김취콩나물국<input>김치콩나물국
양상추샐러드,양상추사라다,양상추사라다<input>양상추샐러드
새송이버섯볶음,새송이버슷보끔,새송이버슷보끔<input>새송이버섯볶음
삼선자장면,삼선자장며언,삼선자장며언<input>삼선자장면
대구지리탕,대구지리탕,대구지리탕<input>대구지리탕
잔멸치볶음,잔멸치보끔,잔멸치보끔<input>잔멸치볶음
짬뽕라면,짬뿡라면,짬뿡라면<input>짬뽕라면
안심돈가스,안심돈까스,안심돈까스<input>안심돈가스
닭강정,닭갱정,닭갱정<input>닭강정
잡탕밥,잡탕밥,잡탕밥<input>잡탕밥
북어조림,벅어조림,벅어조림<input>북어조림
새우탕수육,새우탕수,새우탕수<input>새우탕수육
새우젓두부찌개,새우젓두부찌기,새우젓두부찌기<input>새우젓두부찌개
쇠고기버섯볶음,소고기버섯보끔,소고기버섯보끔<input>쇠고기버섯볶음
잡곡밥,잡걱밥,잡걱밥<input>잡곡밥
시루떡,씨루떡,씨루떡<input>시루떡
달걀찜(새우젓),새우젓달걀찜,새우젓달걀찜<input>달걀찜(새우젓)
영양돌솥밥,영양돌소빱,영양돌소빱<input>영양돌솥밥
콤비네이션피자,컴비네션피자,컴비네션피자<input>콤비네이션피자
닭가슴살피망볶음,피망닭가슴살볶음,피망닭가슴살볶음<input>닭가슴살피망볶음
김치국,김칙꾹,김칙꾹<input>김치국
소양념갈비구이,소양념갈비구히,소양념갈비구히<input>소양념갈비구이
황태해장국,황태해장극,황태해장극<input>황태해장국
매실장아찌,매실짱아지,매실짱아지<input>매실장아찌
조기구이,조기,조기<input>조기구이
햄김치찌개,햄김치찌게,햄김치찌게<input>햄김치찌개
맑은감자국,맑은감자것,맑은감자것<input>맑은감자국
해물완자전,해물완저즌,해물완저즌<input>해물완자전
양파볶음,양파보끔,양파보끔<input>양파볶음
하이라이스,하이라이쑤,하이라이쑤<input>하이라이스
꽈리고추찜,과리고추찜,과리고추찜<input>꽈리고추찜
추어탕,처어탕,처어탕<input>추어탕
골뱅이국수무침,골뱅이비빔국시,골뱅이비빔국시<input>골뱅이국수무침
배추겉절이,배추거쩌리,배추거쩌리<input>배추겉절이
쑥갓나물무침,숙갓나물,숙갓나물<input>쑥갓나물무침
양념갈치젓,양념갈츼젓,양념갈츼젓<input>양념갈치젓
브로콜리볶음,부로콜리보끔,부로콜리보끔<input>브로콜리볶음
애호박볶음,애후박볶음,애후박볶음<input>애호박볶음
열무된장나물무침,얼무된장나물,얼무된장나물<input>열무된장나물무침
콩나물잡채,컹나물잡치,컹나물잡치<input>콩나물잡채
햄치즈샌드위치,햄치주샌도이취,햄치주샌도이취<input>햄치즈샌드위치
골뱅이국수무침,골뱅이국쑤무침,골뱅이국쑤무침<input>골뱅이국수무침
소탕,소타앙,소타앙<input>소탕
쥐치채,지치채,지치채<input>쥐치채
만둣국,만둡국,만둡국<input>만둣국
양념장어구이,양념장어구미,양념장어구미<input>양념장어구이
파무침,파멋침,파멋침<input>파무침
페퍼로니피자,페피러니피자,페피러니피자<input>페퍼로니피자
백설기,백설기떡,백설기떡<input>백설기
굴국밥,걸국밥,걸국밥<input>굴국밥
돼지머리고기,대지머릿고기,대지머릿고기<input>돼지머리고기
우동(일식),일식우동,일식우동<input>우동(일식)
약과,약가,약가<input>약과
소곱창전골,서곱창전골,서곱창전골<input>소곱창전골
닭꼬치,다꼬치,다꼬치<input>닭꼬치
오리고기구이,오리고기,오리고기<input>오리고기구이
톳나물무침,톳나멀,톳나멀<input>톳나물무침
해물토마토소스스파게티,해물토마토스파게티,해물토마토스파게티<input>해물토마토소스스파게티
황태구이,황태그이,황태그이<input>황태구이
피조개무침,피조개머침,피조개머침<input>피조개무침
선지해장국,슨지해장국,슨지해장국<input>선지해장국
달래나물무침,달래나멀,달래나멀<input>달래나물무침
비빔냉면,비냉,비냉<input>비빔냉면
찹쌀떡,찹쌀떠억,찹쌀떠억<input>찹쌀떡
송편(깨),깨에송편,깨에송편<input>송편(깨)
새우볶음밥,새우보끈빱,새우보끈빱<input>새우볶음밥
꽈배기,까배기,까배기<input>꽈배기
묵은지삼겹살볶음,묵은지삼겹살보끈,묵은지삼겹살보끈<input>묵은지삼겹살볶음
쇠곱창구이,쇠곱창구이,쇠곱창구이<input>쇠곱창구이
콩국수,콩국쑤,콩국쑤<input>콩국수
감자크로켓,감자크러켓,감자크러켓<input>감자크로켓
마늘쫑볶음,마늘쫑보끈,마늘쫑보끈<input>마늘쫑볶음
애호박전,애후박전,애후박전<input>애호박전
미역튀각,미역투각,미역투각<input>미역튀각
페퍼로니피자,페퍼러니핏자,페퍼러니핏자<input>페퍼로니피자
절편,절픈,절픈<input>절편
순대,순데,순데<input>순대
미숫가루,미쑤까루,미쑤까루<input>미숫가루
고추장마늘쫑장아찌,고추장마늘쫑짱아찌,고추장마늘쫑짱아찌<input>고추장마늘쫑장아찌
고추장아찌,고추짱아찌,고추짱아찌<input>고추장아찌
게살죽,개살죽,개살죽<input>게살죽
잔멸치꽈리고추볶음,꽈리고추잔멸치보끈,꽈리고추잔멸치보끈<input>잔멸치꽈리고추볶음
볶음우동,보끔우동,보끔우동<input>볶음우동
식빵토스트,식빵터슷트,식빵터슷트<input>식빵토스트
김치국,김칫국,김칫국<input>김치국
닭가슴살샌드위치,닥가슴살샌드이치,닥가슴살샌드이치<input>닭가슴살샌드위치
무된장국,무된장꾹,무된장꾹<input>무된장국
아구탕,아귀탕,아귀탕<input>아구탕
돼지고기김치볶음,돼지고기김치보끈,돼지고기김치보끈<input>돼지고기김치볶음
오징어젓,어징어젓,어징어젓<input>오징어젓
삼선짬뽕,삼선짬봉,삼선짬봉<input>삼선짬뽕
돼지곱창순대볶음,돼지곱창순디볶음,돼지곱창순디볶음<input>돼지곱창순대볶음
쑥갓나물무침,쓱갓나물무침,쓱갓나물무침<input>쑥갓나물무침
사과파이,애플파아이,애플파아이<input>사과파이
쇠고기버섯볶음,소고기버섯볶음,소고기버섯볶음<input>쇠고기버섯볶음
달걀국,계란국,계란국<input>달걀국
팥밥,팓빱,팓빱<input>팥밥
굴무침,굴뭇침,굴뭇침<input>굴무침
선지해장국,선지해정구,선지해정구<input>선지해장국
햄버그스테이크,햄버구스태기,햄버구스태기<input>햄버그스테이크
시래기된장국,시래기된재국,시래기된재국<input>시래기된장국
녹두시루떡,녹두시루띡,녹두시루띡<input>녹두시루떡
훈제오리,훈제오르,훈제오르<input>훈제오리
소라산적,서라산적,서라산적<input>소라산적
떡만둣국,뜩만드국,뜩만드국<input>떡만둣국
멸치볶음,멸치보끈,멸치보끈<input>멸치볶음
고구마전,거구마전,거구마전<input>고구마전
열무얼갈이김치,열무얼갈이김취,열무얼갈이김취<input>열무얼갈이김치
우렁된장국,우렁된정국,우렁된정국<input>우렁된장국
순두부달걀탕,순더부달걀타앙,순더부달걀타앙<input>순두부달걀탕
쇠곱창구이,소곱창,소곱창<input>쇠곱창구이
우거지해장국,우거지해장,우거지해장<input>우거지해장국
만둣국,먼두국,먼두국<input>만둣국
쇠고기장조림,소고기장조림,소고기장조림<input>쇠고기장조림
치킨무,통닭무우,통닭무우<input>치킨무
소고기산적,쇠고기산적,쇠고기산적<input>소고기산적
해물완자전,햐물완자전,햐물완자전<input>해물완자전
고구마줄기나물무침,고굼마순,고굼마순<input>고구마줄기나물무침
생선물회,생시인물회,생시인물회<input>생선물회
기스면,긔시면,긔시면<input>기스면
해물볶음밥,해물보끔빱,해물보끔빱<input>해물볶음밥
파래무침,파래머침,파래머침<input>파래무침
대합미역국,대합미역꾹,대합미역꾹<input>대합미역국
소보로빵,소보로빠앙,소보로빠앙<input>소보로빵
바지락조개국,바지라그즈개국,바지라그즈개국<input>바지락조개국
오리고기구이,오리괴기구이,오리괴기구이<input>오리고기구이
팥시루떡,팓시루떡,팓시루떡<input>팥시루떡
굴무생채,굴무생췌,굴무생췌<input>굴무생채
뼈다귀해장국,뼈다구해장국,뼈다구해장국<input>뼈다귀해장국
참치마요네즈삼각김밥,참치마요삼각김밥,참치마요삼각김밥<input>참치마요네즈삼각김밥
만둣국,만둣꾹,만둣꾹<input>만둣국
콩비지찌개,콩비지찌기,콩비지찌기<input>콩비지찌개
잔멸치견과류볶음,견과류잔멸치보끈,견과류잔멸치보끈<input>잔멸치견과류볶음
감자튀김,감자튀기,감자튀기<input>감자튀김
꽈리고추멸치볶음,꽈리고츄멸치보끈,꽈리고츄멸치보끈<input>꽈리고추멸치볶음
육개장,욱개짱,욱개짱<input>육개장
꽁치김치찌개,꽁치김치찌기,꽁치김치찌기<input>꽁치김치찌개
어묵조림,오뎅조림,오뎅조림<input>어묵조림
오징어젓,오징어즛,오징어즛<input>오징어젓
닭구이,닥꾸이,닥꾸이<input>닭구이
고사리나물무침,거사리나멀,거사리나멀<input>고사리나물무침
새우초밥,새우초빱,새우초빱<input>새우초밥
찹쌀떡,찹쓸뜩,찹쓸뜩<input>찹쌀떡
미숫가루,미쑤가루,미쑤가루<input>미숫가루
둘깨칼국수,둘개칼국씨,둘개칼국씨<input>둘깨칼국수
어묵잡채,오뎅잡채,오뎅잡채<input>어묵잡채
시래기된장국,시래이기된장꾹,시래이기된장꾹<input>시래기된장국
가자미식해,가자미시캐,가자미시캐<input>가자미식해
고구마튀김,고구마튀기,고구마튀기<input>고구마튀김
기스면,기수면,기수면<input>기스면
옥수수샐러드,옥시시사라다,옥시시사라다<input>옥수수샐러드
채소튀김,채서튀김,채서튀김<input>채소튀김
미소된장국,미소된장꾹,미소된장꾹<input>미소된장국
임연수구이,임연수구지,임연수구지<input>임연수구이
파무침,파뭇침,파뭇침<input>파무침
양미리조림,양미리저림,양미리저림<input>양미리조림
해물볶음밥,해물보꿈밥,해물보꿈밥<input>해물볶음밥
송화다식,송화다심,송화다심<input>송화다식
닭볶음탕,닭보끔탕,닭보끔탕<input>닭볶음탕
단무지,단무즤,단무즤<input>단무지
닭갈비,닥갈비,닥갈비<input>닭갈비
굴무생채,굴무생치,굴무생치<input>굴무생채
회냉면,헤냉면,헤냉면<input>회냉면
고추김밥,고츄김밥,고츄김밥<input>고추김밥
죽순쇠고기볶음,쇠고기죽순볶음,쇠고기죽순볶음<input>죽순쇠고기볶음
맑은감자국,허연감잣국,허연감잣국<input>맑은감자국
불고기버거,불고기버걸,불고기버걸<input>불고기버거
고구마튀김,거구마튀기,거구마튀기<input>고구마튀김
옥수수샐러드,옥시시샐러다,옥시시샐러다<input>옥수수샐러드
토란대나물무침,토란대,토란대<input>토란대나물무침
돼지고기산적,대지고기산적,대지고기산적<input>돼지고기산적
풋마늘무침,마늘멋침,마늘멋침<input>풋마늘무침
소보로빵,소부루빵,소부루빵<input>소보로빵
스크램블드에그,스크람블에그,스크람블에그<input>스크램블드에그
호박오가리나물무침,호박나물뭇침,호박나물뭇침<input>호박오가리나물무침
소고기국밥,소괴기국빱,소괴기국빱<input>소고기국밥
닭볶음탕,닭보끈탕,닭보끈탕<input>닭볶음탕
소보로빵,소보루빵,소보루빵<input>소보로빵
페이스트리,패스츄리,패스츄리<input>페이스트리
뼈다귀해장국,빼다구해장공,빼다구해장공<input>뼈다귀해장국
미꾸라지튀김,미꾸라지투김,미꾸라지투김<input>미꾸라지튀김
참치샌드위치,참치이샌도이치,참치이샌도이치<input>참치샌드위치
갈비탕,갈비타앙,갈비타앙<input>갈비탕
닭가슴살피망볶음,닥까슴살피망볶음,닥까슴살피망볶음<input>닭가슴살피망볶음
김치국,김츼국,김츼국<input>김치국
새우볶음,세우보끔,세우보끔<input>새우볶음
닭개장,닥깨장,닥깨장<input>닭개장
오이지,오이지이,오이지이<input>오이지
떡볶이,떡보끼,떡보끼<input>떡볶이
수수팥떡,수수파떡,수수파떡<input>수수팥떡
황태해장국,황태해장구,황태해장구<input>황태해장국
짬뽕,잠뽕,잠뽕<input>짬뽕
홍어무침,헝어무침,헝어무침<input>홍어무침
양장피,양쟁피,양쟁피<input>양장피
새우볶음밥,새우보끔빱,새우보끔빱<input>새우볶음밥
가오리찜,가오리짐,가오리짐<input>가오리찜
육회,유캐,유캐<input>육회
멸치견과류볶음,멸치견과류보끔,멸치견과류보끔<input>멸치견과류볶음
라볶이,라보끼,라보끼<input>라볶이
쥐포조림,쥐퍼조림,쥐퍼조림<input>쥐포조림
링도넛,리잉도넛,리잉도넛<input>링도넛
닭꼬치,닭꼬치,닭꼬치<input>닭꼬치
회덮밥,회덥밥,회덥밥<input>회덮밥
대구포,대구퍼,대구퍼<input>대구포
김치우동,김치우딩,김치우딩<input>김치우동
선짓국(선지해장국),선지국,선지국<input>선짓국(선지해장국)
새우초밥,새우쪼밥,새우쪼밥<input>새우초밥
찹쌀도넛,찹쌀도낫츠,찹쌀도낫츠<input>찹쌀도넛
얼갈이배춧국,얼갈이배추국,얼갈이배추국<input>얼갈이배춧국
조갯국,조개꾹,조개꾹<input>조갯국
흑임자죽,흐김자죽,흐김자죽<input>흑임자죽
채소떡볶이,채소떠뽀끼,채소떠뽀끼<input>채소떡볶이
돼지껍데기볶음,대지껍띠기보끔,대지껍띠기보끔<input>돼지껍데기볶음
롤케이크,럴케잌,럴케잌<input>롤케이크
호박죽,후박죽,후박죽<input>호박죽
영양돌솥밥,영양돌솓빱,영양돌솓빱<input>영양돌솥밥
보쌈김치,보쌈낌치,보쌈낌치<input>보쌈김치
참치샌드위치,참치샌도이치,참치샌도이치<input>참치샌드위치
팥시루떡,팟시루띡,팟시루띡<input>팥시루떡
햄버그스테이크,햄벅그스테이크,햄벅그스테이크<input>햄버그스테이크
미역오이냉국,미역오이냉꾹,미역오이냉꾹<input>미역오이냉국
찐고구마,찐고굼마,찐고굼마<input>찐고구마
낙지꼬지,낙지꼬치,낙지꼬치<input>낙지꼬지
카레라이스,카레라이쑤,카레라이쑤<input>카레라이스
어묵채소볶음,오뎅채소볶음,오뎅채소볶음<input>어묵채소볶음
양념치킨,응념치킨,응념치킨<input>양념치킨
닭가슴살샐러드,닭가슴살사라다,닭가슴살사라다<input>닭가슴살샐러드
굴무침,굴머침,굴머침<input>굴무침
어묵김치찌개,어묵김치찌기,어묵김치찌기<input>어묵김치찌개
생선모듬초밥,생선모둠초밥,생선모둠초밥<input>생선모듬초밥
열무된장나물무침,된장열무나물,된장열무나물<input>열무된장나물무침
홍어무침,홍어물침,홍어물침<input>홍어무침
아구탕,아귀타앙,아귀타앙<input>아구탕
무짠지,무우짠지,무우짠지<input>무짠지
도토리묵,두투리묵,두투리묵<input>도토리묵
오이소박이,오이소방이,오이소방이<input>오이소박이
삼겹살고추장구이,고츄장삼겹,고츄장삼겹<input>삼겹살고추장구이
찐옥수수,찐옥수숫,찐옥수숫<input>찐옥수수
잔멸치고추볶음,잔멸치고추보끔,잔멸치고추보끔<input>잔멸치고추볶음
유채나물무침,유채나물,유채나물<input>유채나물무침
오이소박이,오이소바기,오이소바기<input>오이소박이
무짠지,무찐찌,무찐찌<input>무짠지
호박오가리나물무침,호박오가리나물머침,호박오가리나물머침<input>호박오가리나물무침
쇠고기된장찌개,쇠고기된장찌개,쇠고기된장찌개<input>쇠고기된장찌개
스크램블드에그,수쿠람블에그,수쿠람블에그<input>스크램블드에그
마늘장아찌,마널짱아찌,마널짱아찌<input>마늘장아찌
쇠고기채소볶음,소고기채소보끔,소고기채소보끔<input>쇠고기채소볶음
햄샌드위치,햄샌드이치,햄샌드이치<input>햄샌드위치
회무침,회뭇침,회뭇침<input>회무침
두부조림,더부조림,더부조림<input>두부조림
돼지고기김치볶음,돼지괴기김치볶음,돼지괴기김치볶음<input>돼지고기김치볶음
오리고기죽,어리괴기죽,어리괴기죽<input>오리고기죽
꽃게탕,꼿개탕,꼿개탕<input>꽃게탕
느타리버섯볶음,느타리버슷보끔,느타리버슷보끔<input>느타리버섯볶음
선짓국(선지해장국),선지해장꾹,선지해장꾹<input>선짓국(선지해장국)
만둣국,만두꾹,만두꾹<input>만둣국
오므라이스,오무라이쑤,오무라이쑤<input>오므라이스
참치머리구이,참치머리,참치머리<input>참치머리구이
배추겉절이,배추것쩌리,배추것쩌리<input>배추겉절이
고구마맛탕,거구마맛탕,거구마맛탕<input>고구마맛탕
오이장아찌,오이짱아찌,오이짱아찌<input>오이장아찌
굴국밥,국굴밥,국굴밥<input>굴국밥
우렁된장국,어렁된장국,어렁된장국<input>우렁된장국
불고기덮밥,불괴기더빱,불괴기더빱<input>불고기덮밥
해물된장국,해물된장궁,해물된장궁<input>해물된장국
닭죽,닥쭉,닥쭉<input>닭죽
함박스테이크,함박스테익,함박스테익<input>함박스테이크
링도넛,링도오넛,링도오넛<input>링도넛
골뱅이국수무침,골뱅이국시무침,골뱅이국시무침<input>골뱅이국수무침
감자볶음,감저보끔,감저보끔<input>감자볶음
참치샌드위치,참취산도이취,참취산도이취<input>참치샌드위치
순두부찌개,순두부찌기,순두부찌기<input>순두부찌개
달래나물무침,달래나멀무침,달래나멀무침<input>달래나물무침
삼선볶음밥,삼신보끔밥,삼신보끔밥<input>삼선볶음밥
씀바귀나물무침,씀바구나물,씀바구나물<input>씀바귀나물무침
죽순쇠고기볶음,쇠고기준쑨보끔,쇠고기준쑨보끔<input>죽순쇠고기볶음
쇠고기배춧국,쇠고기배춧꾹,쇠고기배춧꾹<input>쇠고기배춧국
감자된장국,감저된정국,감저된정국<input>감자된장국
풋고추찜,푿고추찜,푿고추찜<input>풋고추찜
양송이버섯볶음,양송이버섯보끔,양송이버섯보끔<input>양송이버섯볶음
닭볶음탕,닥뽀끔탕,닥뽀끔탕<input>닭볶음탕
오징어채소무침,오징어채서무침,오징어채서무침<input>오징어채소무침
미역초무침,미역초멋침,미역초멋침<input>미역초무침
해물찜,해멀찜,해멀찜<input>해물찜
소고기샤브샤브,소고기샤브샤비,소고기샤브샤비<input>소고기샤브샤브
쇠머리국밥,소머릿국밥,소머릿국밥<input>쇠머리국밥
햄버그스테이크,햄버그스테잌,햄버그스테잌<input>햄버그스테이크
산자,산잔,산잔<input>산자
무된장국,무된장그,무된장그<input>무된장국
생선물회,생서언무레,생서언무레<input>생선물회
팥밥,파빱,파빱<input>팥밥
뼈해장국,뻐해정국,뻐해정국<input>뼈해장국
갈치조림,갤치죄림,갤치죄림<input>갈치조림
오징어채조림,오징어채쪼림,오징어채쪼림<input>오징어채조림
풋고추찜,풋고츄찜,풋고츄찜<input>풋고추찜
칼국수,갈국수,갈국수<input>칼국수
쇠고기볶음밥,쇠고기보끔밥,쇠고기보끔밥<input>쇠고기볶음밥
쇠고기볶음,소고기보끔,소고기보끔<input>쇠고기볶음
감자샐러드,감자사라다,감자사라다<input>감자샐러드
잔멸치견과류볶음,견과류잔멸치보끔,견과류잔멸치보끔<input>잔멸치견과류볶음
초콜릿케이크,초코게이크,초코게이크<input>초콜릿케이크
불고기피자,부고기피자,부고기피자<input>불고기피자
두부고추장찌개,두부고추장찌기,두부고추장찌기<input>두부고추장찌개
간장게장,간장계장,간장계장<input>간장게장
해물토마토소스스파게티,해물도마도파수타,해물도마도파수타<input>해물토마토소스스파게티
땅콩조림,땅코옹조림,땅코옹조림<input>땅콩조림
제육덮밥,제육덥밥,제육덥밥<input>제육덮밥
양념장어구이,양념장어구일,양념장어구일<input>양념장어구이
감자채소볶음,감저채소보끔,감저채소보끔<input>감자채소볶음
풋마늘무침,마늘무침,마늘무침<input>풋마늘무침
쇠곱창구이,소곱창구이,소곱창구이<input>쇠곱창구이
깻잎김치,깬닙낌치,깬닙낌치<input>깻잎김치
달걀찜(우유),우유계란찜,우유계란찜<input>달걀찜(우유)
소고기샤브샤브,소고기샤부,소고기샤부<input>소고기샤브샤브
민들레잎무침,민들레입무침,민들레입무침<input>민들레잎무침
채소볶음밥,채소보끈밥,채소보끈밥<input>채소볶음밥
돼지고기김치볶음,되지고기김치볶음,되지고기김치볶음<input>돼지고기김치볶음
닭고기냉채,닥꼬기냉채,닥꼬기냉채<input>닭고기냉채
오징어국,오징이꾹,오징이꾹<input>오징어국
곰보빵,곰부빠앙,곰부빠앙<input>곰보빵
배추김치,배츄김치,배츄김치<input>배추김치
콩국수,콩국시,콩국시<input>콩국수
열무된장나물무침,된장얼무나물,된장얼무나물<input>열무된장나물무침
동태조림,동텨조림,동텨조림<input>동태조림
갈치구이,갈치괴이,갈치괴이<input>갈치구이
대구매운탕,대구매운타당,대구매운타당<input>대구매운탕
절편,절푼,절푼<input>절편
찐고구마,찐거구마,찐거구마<input>찐고구마
오징어튀김,오징이튀김,오징이튀김<input>오징어튀김
달걀장조림,달걀장쪼림,달걀장쪼림<input>달걀장조림
쇠고기볶음밥,소고기보끔밥,소고기보끔밥<input>쇠고기볶음밥
풋고추된장무침,풋고추된장멋침,풋고추된장멋침<input>풋고추된장무침
양파부추무침,양파부츄무침,양파부츄무침<input>양파부추무침
된장찌개,된장찌게,된장찌게<input>된장찌개
호박잎된장국,호박입된장국,호박입된장국<input>호박잎된장국
표고버섯볶음밥,표고버섯보끈밥,표고버섯보끈밥<input>표고버섯볶음밥
물냉면,물냉,물냉<input>물냉면
선지해장국,선지해장꾹,선지해장꾹<input>선지해장국
감자전,감자즌,감자즌<input>감자전
미나리전,미나리즌,미나리즌<input>미나리전
영양돌솥밥,영양돌솓밥,영양돌솓밥<input>영양돌솥밥
오징어덮밥,오징어덥밥,오징어덥밥<input>오징어덮밥
크로아상,쿠루아상,쿠루아상<input>크로아상
초코소라빵,처컬릿소라빵,처컬릿소라빵<input>초코소라빵
쇠고기미역국,소고기미역꾹,소고기미역꾹<input>쇠고기미역국
나박김치,나박낌치,나박낌치<input>나박김치
톳나물무침,톳나물,톳나물<input>톳나물무침
닭날개튀김,닭날개튀기,닭날개튀기<input>닭날개튀김
골뱅이국수무침,비빔골뱅이국시,비빔골뱅이국시<input>골뱅이국수무침
오징어조림,오징이조림,오징이조림<input>오징어조림
선짓국(선지해장국),선지해장국,선지해장국<input>선짓국(선지해장국)
어묵조림,오댕쪼림,오댕쪼림<input>어묵조림
고등어튀김,고딩어튀기,고딩어튀기<input>고등어튀김
달걀국,개란국,개란국<input>달걀국
BLT샌드위치,비엘티샌도이치,비엘티샌도이치<input>BLT샌드위치
찐옥수수,찐옥수순,찐옥수순<input>찐옥수수
약과,야까,야까<input>약과
깻잎나물볶음,깨닙나물보끔,깨닙나물보끔<input>깻잎나물볶음
둘깨칼국수,들깨칼국수,들깨칼국수<input>둘깨칼국수
만둣국,만두국,만두국<input>만둣국
병어조림,병으조림,병으조림<input>병어조림
해물덮밥,해물더빱,해물더빱<input>해물덮밥
샐러드김밥,샐러드깁법,샐러드깁법<input>샐러드김밥
해파리냉채,해파리낭채,해파리낭채<input>해파리냉채
콩나물무침,콩나물,콩나물<input>콩나물무침
돼지고기김치찌개,돼지김치찌게,돼지김치찌게<input>돼지고기김치찌개
미역초무침,미역초무침,미역초무침<input>미역초무침
가지전,가즤전,가즤전<input>가지전
낙지무침,낙지머침,낙지머침<input>낙지무침
북어조림,북어족림,북어족림<input>북어조림
김치국,김취극,김취극<input>김치국
미역줄기볶음,미역쭐기보끈,미역쭐기보끈<input>미역줄기볶음
북엇국,북어꾹,북어꾹<input>북엇국
버섯조림,버슷조림,버슷조림<input>버섯조림
송편(콩),콩송편,콩송편<input>송편(콩)
삼선짬뽕,삼선짬뿡,삼선짬뿡<input>삼선짬뽕
콩나물잡채,콩나물잡치,콩나물잡치<input>콩나물잡채
햄버그스테이크,함바그스테이크,함바그스테이크<input>햄버그스테이크
깻잎장아찌,깻닙장아찌,깻닙장아찌<input>깻잎장아찌
메기매운탕,메기매운타앙,메기매운타앙<input>메기매운탕
달걀찜(우유),우유계란찜,우유계란찜<input>달걀찜(우유)
해물파전,해물팟전,해물팟전<input>해물파전
건취나물무침,건취나물,건취나물<input>건취나물무침
메밀전,매밀전,매밀전<input>메밀전
팥시루떡,팟시루뜩,팟시루뜩<input>팥시루떡
취나물,추나물,추나물<input>취나물
일본된장국,일본된장궁,일본된장궁<input>일본된장국
돼지고기볶음,돼지고기보끔,돼지고기보끔<input>돼지고기볶음
꽈배기,과베기,과베기<input>꽈배기
고구마튀김,거구마튀김,거구마튀김<input>고구마튀김
닭고기대파꼬치구이,닥꼬기대파꼬지구이,닥꼬기대파꼬지구이<input>닭고기대파꼬치구이
달걀찜(우유),우유개란찜,우유개란찜<input>달걀찜(우유)
햄달걀부침,햄계란부침,햄계란부침<input>햄달걀부침
찐감자,찐감잣,찐감잣<input>찐감자
마늘쫑조림,마닐쫑조림,마닐쫑조림<input>마늘쫑조림
햄채소볶음,햄채소보끔,햄채소보끔<input>햄채소볶음
숯불갈비삼각김밥,숯불갈비삼김,숯불갈비삼김<input>숯불갈비삼각김밥
회냉면,회냉믄,회냉믄<input>회냉면
페이스트리,페스투리,페스투리<input>페이스트리
햄샌드위치,햄샌도이치,햄샌도이치<input>햄샌드위치
햄구이,햄괴이,햄괴이<input>햄구이
육회,윳케,윳케<input>육회
꽁치찌개,꽁치찌기,꽁치찌기<input>꽁치찌개
소고기무국,소고기무고,소고기무고<input>소고기무국
연어초밥,연어초빱,연어초빱<input>연어초밥
간장양념치킨,간장통닭,간장통닭<input>간장양념치킨
오이소박이,오이소바이,오이소바이<input>오이소박이
깨죽,깨적,깨적<input>깨죽
감자튀김,갬자튀김,갬자튀김<input>감자튀김
무된장국,무된장권,무된장권<input>무된장국
달걀국,달걀꾹,달걀꾹<input>달걀국
두부쇠고기고추장찌개,두부쇠고기고추장찌기,두부쇠고기고추장찌기<input>두부쇠고기고추장찌개
감자튀김,감저튀김,감저튀김<input>감자튀김
굴비구이,굴비,굴비<input>굴비구이
불고기피자,불거기핏자,불거기핏자<input>불고기피자
멸치견과류볶음,견과류멸치볶음,견과류멸치볶음<input>멸치견과류볶음
쇠고기볶음,쇠고기보끔,쇠고기보끔<input>쇠고기볶음
더덕구이,드득구이,드득구이<input>더덕구이
생선초밥(광어),광어초밥,광어초밥<input>생선초밥(광어)
쌀국수,쌀국서,쌀국서<input>쌀국수
오징어찌개,오징어찌기,오징어찌기<input>오징어찌개
물냉면,물냉먼,물냉먼<input>물냉면
참치마요삼각김밥,참치마요삼김,참치마요삼김<input>참치마요삼각김밥
머핀,마핀,마핀<input>머핀
두부고추장찌개,두부고추장찌게,두부고추장찌게<input>두부고추장찌개
베이글,배이이글,배이이글<input>베이글
생선까스,생선까수,생선까수<input>생선까스
달걀장조림,계란장조림,계란장조림<input>달걀장조림
단호박샐러드,단호박샐러다,단호박샐러다<input>단호박샐러드
애호박찜,애후박찜,애후박찜<input>애호박찜
생선까스,생선가스,생선가스<input>생선까스
달걀국,개란꾹,개란꾹<input>달걀국
카스텔라,카스티라,카스티라<input>카스텔라
라조기,라조긔,라조긔<input>라조기
순댓국,순대국,순대국<input>순댓국
부추전,부츄즌,부츄즌<input>부추전
냉김치말이국수,냉김치말이국시,냉김치말이국시<input>냉김치말이국수
해물토마토소스스파게티,해물토마토소스스파게티,해물토마토소스스파게티<input>해물토마토소스스파게티
애호박찜,애호벅찜,애호벅찜<input>애호박찜
취나물된장무침,취나물무침,취나물무침<input>취나물된장무침
치즈피자,치즈피짜,치즈피짜<input>치즈피자
잔멸치견과류볶음,잔멸치견과류보끔,잔멸치견과류보끔<input>잔멸치견과류볶음
숙주나물무침,숙주나믈,숙주나믈<input>숙주나물무침
돼지갈비구이,대지갤비,대지갤비<input>돼지갈비구이
두부된장찌개,두부된장찌기,두부된장찌기<input>두부된장찌개
닭구이,닭꾸이,닭꾸이<input>닭구이
닭발볶음,닭발보끈,닭발보끈<input>닭발볶음
콩나물국밥,콩나물걱빱,콩나물걱빱<input>콩나물국밥
풋고추된장무침,풋고추된장머침,풋고추된장머침<input>풋고추된장무침
닭고기덮밥,닥고기덥밥,닥고기덥밥<input>닭고기덮밥
페이스트리빵,페스츌리빵,페스츌리빵<input>페이스트리빵
소양념갈비구이,소양념갈비구리,소양념갈비구리<input>소양념갈비구이
도토리묵,도토리먹,도토리먹<input>도토리묵
멸치견과류볶음,견과류멸치보끔,견과류멸치보끔<input>멸치견과류볶음
쇠고기고추장볶음,소고기고추장볶음,소고기고추장볶음<input>쇠고기고추장볶음
콩조림,콩쪼림,콩쪼림<input>콩조림
골뱅이무침,굴뱅이머침,굴뱅이머침<input>골뱅이무침
참치덮밥,참치덥밥,참치덥밥<input>참치덮밥
순대볶음,순대보끔,순대보끔<input>순대볶음
송편(콩),코옹송편,코옹송편<input>송편(콩)
오징어국,오징이국,오징이국<input>오징어국
꽈리고추멸치볶음,멸치꽈리고추볶음,멸치꽈리고추볶음<input>꽈리고추멸치볶음
닭찜,닭짐,닭짐<input>닭찜
배추나물무침,배츠나물,배츠나물<input>배추나물무침
보쌈김치,버쌈김치,버쌈김치<input>보쌈김치
미소된장국,미소된짱국,미소된짱국<input>미소된장국
방풍나물무침,방풍나믈,방풍나믈<input>방풍나물무침
미트볼토마토스파게티,미트볼도마도스파게티,미트볼도마도스파게티<input>미트볼토마토스파게티
칼국수,칼국시,칼국시<input>칼국수
참치완자전,참치완저전,참치완저전<input>참치완자전
쇠고기고추장볶음,쇠고기고추장보끔,쇠고기고추장보끔<input>쇠고기고추장볶음
양념치킨,양념통닭,양념통닭<input>양념치킨
해물매운탕,햐물매언탕,햐물매언탕<input>해물매운탕
깻잎나물무침,깻입나물,깻입나물<input>깻잎나물무침
사과파이,애플파이,애플파이<input>사과파이
고추잡채,고치잡채,고치잡채<input>고추잡채
회냉면,해냉면,해냉면<input>회냉면
낙지전골,낙지전걸,낙지전걸<input>낙지전골
후라이드치킨,후라이두통닭,후라이두통닭<input>후라이드치킨
쇠갈비구이,쇠갤비,쇠갤비<input>쇠갈비구이
호박부침개,호박부침객,호박부침객<input>호박부침개
소보로빵,수부루빠앙,수부루빠앙<input>소보로빵
치즈돈가스,치즈돈까스,치즈돈까스<input>치즈돈가스
흑미밥,흑미밥,흑미밥<input>흑미밥
미역줄기볶음,미역쭐기볶음,미역쭐기볶음<input>미역줄기볶음
쇠고기장조림,소고기장쪼림,소고기장쪼림<input>쇠고기장조림
떡볶이,떠뽀끼,떠뽀끼<input>떡볶이
표고버섯볶음,포고버섯보끔,포고버섯보끔<input>표고버섯볶음
오이지무침,오이자무침,오이자무침<input>오이지무침
녹두빈대떡,녹두빈대덕,녹두빈대덕<input>녹두빈대떡
새우볶음밥,새우보끔밥,새우보끔밥<input>새우볶음밥
낙지덮밥,낙지더빱,낙지더빱<input>낙지덮밥
안심스테이크,안심스테이키,안심스테이키<input>안심스테이크
초콜릿케이크,쪼꼬케익,쪼꼬케익<input>초콜릿케이크
동태찜,동태짐,동태짐<input>동태찜
피조개무침,피조개뭇침,피조개뭇침<input>피조개무침
조개된장찌개,조개된장찌기,조개된장찌기<input>조개된장찌개
고구마전,고굼마즌,고굼마즌<input>고구마전
쇠머리국밥,소머릿국빱,소머릿국빱<input>쇠머리국밥
쇠갈비구이,소갈비구이,소갈비구이<input>쇠갈비구이
소고기무국,소고가무국,소고가무국<input>소고기무국
카스텔라,카스테라,카스테라<input>카스텔라
팥찹쌀떡,팟찹쌀떡,팟찹쌀떡<input>팥찹쌀떡
양송이스프,양성이수프,양성이수프<input>양송이스프
사골만두국,사골만더국,사골만더국<input>사골만두국
오이지무침,오이지뭇침,오이지뭇침<input>오이지무침
감자된장국,감자된장궁,감자된장궁<input>감자된장국
시래기된장국,시래기될장국,시래기될장국<input>시래기된장국
낙지탕,낙쥐탕,낙쥐탕<input>낙지탕
간장양념치킨,간장치킨,간장치킨<input>간장양념치킨
돼지등갈비찜,돼지등갤비찜,돼지등갤비찜<input>돼지등갈비찜
탕평채,탕평치,탕평치<input>탕평채
삼선우동,삼선우딩,삼선우딩<input>삼선우동
낙지탕,낙지타앙,낙지타앙<input>낙지탕
호박잎된장국,후박잎된장국,후박잎된장국<input>호박잎된장국
함박스테이크,함박스테키,함박스테키<input>함박스테이크
미역냉국,미역냉꾹,미역냉꾹<input>미역냉국
황태구이,황태구리,황태구리<input>황태구이
제육볶음,재육뽀끔,재육뽀끔<input>제육볶음
달걀찜(우유),우유달걀찜,우유달걀찜<input>달걀찜(우유)
고춧잎나물무침,고춧잎,고춧잎<input>고춧잎나물무침
사골국,사골꾹,사골꾹<input>사골국
돼지불고기,돼지불괴기,돼지불괴기<input>돼지불고기
고추볶음,고추보끔,고추보끔<input>고추볶음
돼지머리국밥,돼지머릿국밥,돼지머릿국밥<input>돼지머리국밥
닭갈비,닥깔비,닥깔비<input>닭갈비
오징어찌개,오징이찌개,오징이찌개<input>오징어찌개
머위대나물무침,머위대나물,머위대나물<input>머위대나물무침
어묵조림,오뎅조림,오뎅조림<input>어묵조림
달래된장찌개,달래된장찌기,달래된장찌기<input>달래된장찌개
닭칼국수,닥칼국시,닥칼국시<input>닭칼국수
쇠고기완자전,소고기완자즌,소고기완자즌<input>쇠고기완자전
고등어찌개,고등이찌기,고등이찌기<input>고등어찌개
해물덮밥,해물덥밥,해물덥밥<input>해물덮밥
도라지나물무침,더라지나물,더라지나물<input>도라지나물무침
비빔국수,비빔국쑤,비빔국쑤<input>비빔국수
굴무국,굴멋국,굴멋국<input>굴무국
콩비지찌개,컹비지찌개,컹비지찌개<input>콩비지찌개
우동(일식),일본우동,일본우동<input>우동(일식)
잔멸치풋고추볶음,잔멸치풋고추보끈,잔멸치풋고추보끈<input>잔멸치풋고추볶음
달걀프라이,달걀후라이,달걀후라이<input>달걀프라이
짬뽕라면,잠뽕라면,잠뽕라면<input>짬뽕라면
고추잡채,고취잡치,고취잡치<input>고추잡채
쇠머리국밥,쇠모리국빱,쇠모리국빱<input>쇠머리국밥
감자볶음,감자보끔,감자보끔<input>감자볶음
햄부침,햄부치,햄부치<input>햄부침
육회,유케,유케<input>육회
훈제오리,훈젝오리,훈젝오리<input>훈제오리
달걀찜(새우젓),새우젓달걀찜,새우젓달걀찜<input>달걀찜(새우젓)
백설기,백설기뜩,백설기뜩<input>백설기
감잣국,감잣꾹,감잣꾹<input>감잣국
죽순쇠고기볶음,죽순소고기보끔,죽순소고기보끔<input>죽순쇠고기볶음
김치김밥,김치김법,김치김법<input>김치김밥
영양돌솥밥,영양돌솟밥,영양돌솟밥<input>영양돌솥밥
소세지볶음,소세지보끔,소세지보끔<input>소세지볶음
총각김치,총깍김치,총깍김치<input>총각김치
광어매운탕,광어매운타앙,광어매운타앙<input>광어매운탕
생선초밥(모듬),모둠초밥,모둠초밥<input>생선초밥(모듬)
초콜릿케이크,쪼꼬케이크,쪼꼬케이크<input>초콜릿케이크
크림소스스파게티,쿠림스파게티,쿠림스파게티<input>크림소스스파게티
소양념갈비구이,소양념가비,소양념가비<input>소양념갈비구이
등심돈가스,등심돈가수,등심돈가수<input>등심돈가스
임연수구이,임연수,임연수<input>임연수구이
시금치된장국,시김치된장궁,시김치된장궁<input>시금치된장국
어묵김치찌개,어묵김치찌게,어묵김치찌게<input>어묵김치찌개
갈비탕,갤비탕,갤비탕<input>갈비탕
가오리찜,가올이찜,가올이찜<input>가오리찜
소고기김밥,쇠고기김뱁,쇠고기김뱁<input>소고기김밥
일본된장국,일번된장궁,일번된장궁<input>일본된장국
무장아찌,무짱아찌,무짱아찌<input>무장아찌
닭고기대파꼬치구이,닭대파꼬치,닭대파꼬치<input>닭고기대파꼬치구이
고추장아찌,고치짱아찌,고치짱아찌<input>고추장아찌
간장양념닭다리튀김,간장닭다리튀기,간장닭다리튀기<input>간장양념닭다리튀김
메밀국수,메밀국시,메밀국시<input>메밀국수
카레라이스,카레라이수,카레라이수<input>카레라이스
굴짬뽕,굴잠뽕,굴잠뽕<input>굴짬뽕
꽈배기,과배기,과배기<input>꽈배기
모듬회덮밥,모둠회덮밥,모둠회덮밥<input>모듬회덮밥
삼겹살구이,삼겹살구이,삼겹살구이<input>삼겹살구이
된장찌개,된장찌기,된장찌기<input>된장찌개
해물볶음,해멀볶음,해멀볶음<input>해물볶음
고추잡채,고추잡챌,고추잡챌<input>고추잡채
풋고추된장무침,된장풋고추멋침,된장풋고추멋침<input>풋고추된장무침
얼갈이배추김치,얼가리배추김치,얼가리배추김치<input>얼갈이배추김치
육회,유쾨,유쾨<input>육회
닭개장,닥개장,닥개장<input>닭개장
쇠고기고추장볶음,고추장쇠고기볶음,고추장쇠고기볶음<input>쇠고기고추장볶음
소곱창전골,소겁창전걸,소겁창전걸<input>소곱창전골
등심돈가스,둥심돈까스,둥심돈까스<input>등심돈가스
달걀프라이,게란후라이,게란후라이<input>달걀프라이
배추전,배츄전,배츄전<input>배추전
동태전,동태즌,동태즌<input>동태전
더덕구이,더덕구시,더덕구시<input>더덕구이
우거지해장국,우거쥐해장국,우거쥐해장국<input>우거지해장국
오징어채볶음,오징어채보끔,오징어채보끔<input>오징어채볶음
멸치마늘쫑볶음,멸치마늘쫑보끔,멸치마늘쫑보끔<input>멸치마늘쫑볶음
새우튀김,새우튀기,새우튀기<input>새우튀김
콩나물된장국,콩나멀된장꾹,콩나멀된장꾹<input>콩나물된장국
고구마줄기나물무침,고구마줄기나멀,고구마줄기나멀<input>고구마줄기나물무침
김치라면,김치라민,김치라민<input>김치라면
취나물,추나물,추나물<input>취나물
불고기덮밥,불고기더빱,불고기더빱<input>불고기덮밥
고춧잎나물무침,고츄닙나물무침,고츄닙나물무침<input>고춧잎나물무침
쥐포튀김,쥐포튀기,쥐포튀기<input>쥐포튀김
버섯조림,버섯쪼림,버섯쪼림<input>버섯조림
소고기버섯죽,소괴기버섯적,소괴기버섯적<input>소고기버섯죽
고들빼기,고들삐기,고들삐기<input>고들빼기
오일소스스파게티,오일수파게티,오일수파게티<input>오일소스스파게티
버터크림빵,버터쿠림빵,버터쿠림빵<input>버터크림빵
채소죽,채서죽,채서죽<input>채소죽
김치전골,김치전굴,김치전굴<input>김치전골
쇠고기메추리알장조림,쇠고기매추리알장조림,쇠고기매추리알장조림<input>쇠고기메추리알장조림
쇠고기된장찌개,소고기된장찌개,소고기된장찌개<input>쇠고기된장찌개
돼지고기메추리알장조림,대지고기메추리알장조림,대지고기메추리알장조림<input>돼지고기메추리알장조림
페이스트리빵,페스츄리빵,페스츄리빵<input>페이스트리빵
팔보채,팔버채,팔버채<input>팔보채
미트볼토마토스파게티,미트볼토마토소스파스타,미트볼토마토소스파스타<input>미트볼토마토스파게티
양송이버섯볶음,양싱이버슷보끔,양싱이버슷보끔<input>양송이버섯볶음
난자완스,난자완시,난자완시<input>난자완스
닭가슴살피망볶음,피망닥까슴살볶음,피망닥까슴살볶음<input>닭가슴살피망볶음
참치볶음밥,참치보끈빱,참치보끈빱<input>참치볶음밥
더덕구이,더덕구기,더덕구기<input>더덕구이
호떡,헛떡,헛떡<input>호떡
바지락칼국수,바지락칼국시,바지락칼국시<input>바지락칼국수
새우튀김,새우티김,새우티김<input>새우튀김
홍합산적,헝합산적,헝합산적<input>홍합산적
감자샐러드,감자샐러다,감자샐러다<input>감자샐러드
대구매운탕,대구매운타앙,대구매운타앙<input>대구매운탕
감자조림,감저조림,감저조림<input>감자조림
시래기나물무침,시래기나물,시래기나물<input>시래기나물무침
쇠고기메추리알장조림,쇠고기매추리알장쪼림,쇠고기매추리알장쪼림<input>쇠고기메추리알장조림
콤비네이션피자,컴비네션피짜,컴비네션피짜<input>콤비네이션피자
부추김치,부츄김치,부츄김치<input>부추김치
족발,적발,적발<input>족발
쌀국수,쌀구수,쌀구수<input>쌀국수
오징어채소무침,오징어채소머침,오징어채소머침<input>오징어채소무침
쇠불고기,소불고기,소불고기<input>쇠불고기
감자조림,갬저조림,갬저조림<input>감자조림
수수팥떡,수수팥뜩,수수팥뜩<input>수수팥떡
양념장어구이,장어양념구이,장어양념구이<input>양념장어구이
쇠고기전골,쇠고기전굴,쇠고기전굴<input>쇠고기전골
해물파전,햐물파전,햐물파전<input>해물파전
충무김밥,청무김밥,청무김밥<input>충무김밥
닭날개튀김,닥날개티김,닥날개티김<input>닭날개튀김
채소떡볶이,채소떡뽀끼,채소떡뽀끼<input>채소떡볶이
쑥떡,쑥뜩,쑥뜩<input>쑥떡
햄버그스테이크,함바그스테키,함바그스테키<input>햄버그스테이크
팥빙수,팟빙쑤,팟빙쑤<input>팥빙수
갈치구이,갈치,갈치<input>갈치구이
토란대나물무침,토란대나멀,토란대나멀<input>토란대나물무침
햄채소볶음,햄채소보끔,햄채소보끔<input>햄채소볶음
멸치풋고추볶음,멸치풋고츄보끔,멸치풋고츄보끔<input>멸치풋고추볶음
오리고기죽,오리괴기죽,오리괴기죽<input>오리고기죽
새우탕수육,새우탱수육,새우탱수육<input>새우탕수육
미꾸라지튀김,미꾸라지튀기,미꾸라지튀기<input>미꾸라지튀김
떡라면,떡라먼,떡라먼<input>떡라면
북어찜,북어짐,북어짐<input>북어찜
꽁치김치찌개,꽁치김취찌개,꽁치김취찌개<input>꽁치김치찌개
건새우볶음,건새우보끔,건새우보끔<input>건새우볶음
쇠고기볶음밥,쇠고기보끈빱,쇠고기보끈빱<input>쇠고기볶음밥
꽈배기,까베기,까베기<input>꽈배기
햄샌드위치,햄샌드이취,햄샌드이취<input>햄샌드위치
달걀찜(새우젓),새우젓게란찜,새우젓게란찜<input>달걀찜(새우젓)
브로콜리볶음,부로컬리볶음,부로컬리볶음<input>브로콜리볶음
햄김치찌개,햄김치찌기,햄김치찌기<input>햄김치찌개
안심스테이크,안심스테끼,안심스테끼<input>안심스테이크
양배추샐러드,양뱃추샐러드,양뱃추샐러드<input>양배추샐러드
라조기,라저기,라저기<input>라조기
고추장아찌,고츄짱아찌,고츄짱아찌<input>고추장아찌
백김치,백낌치,백낌치<input>백김치
고구마전,고구마즌,고구마즌<input>고구마전
잡채밥,잡치빱,잡치빱<input>잡채밥
함박스테이크,함박스테이키,함박스테이키<input>함박스테이크
오이지,오이즤,오이즤<input>오이지
코다리조림,코다리쪼림,코다리쪼림<input>코다리조림
사골국,사걸국,사걸국<input>사골국
우거지곰탕,우그지곰탕,우그지곰탕<input>우거지곰탕
고추잡채,고츄잡췌,고츄잡췌<input>고추잡채
바지락조개국,바지라조개극,바지라조개극<input>바지락조개국
순두부찌개,순두부찌게,순두부찌게<input>순두부찌개
초콜릿케이크,초코케익,초코케익<input>초콜릿케이크
볶음밥,볶음빱,볶음빱<input>볶음밥
당근볶음,당근보끔,당근보끔<input>당근볶음
쇠고기장조림,쇠고기장쪼림,쇠고기장쪼림<input>쇠고기장조림
뼈다귀해장국,빼다귀해장국,빼다귀해장국<input>뼈다귀해장국
모닝빵,무닝빠앙,무닝빠앙<input>모닝빵
모닝빵,모닝빠앙,모닝빠앙<input>모닝빵
돼지고기찌개,돼지고기찌기,돼지고기찌기<input>돼지고기찌개
고추조림,거추조림,거추조림<input>고추조림
쇠고기된장찌개,쇠고기된장찌기,쇠고기된장찌기<input>쇠고기된장찌개
팥빙수,팟삥수,팟삥수<input>팥빙수
새우볶음밥,새우보끈밥,새우보끈밥<input>새우볶음밥
훈제오리,훈제오루,훈제오루<input>훈제오리
고추잡채,고추잡췌,고추잡췌<input>고추잡채
소고기국밥,쇠고기국빱,쇠고기국빱<input>소고기국밥
쇠고기볶음밥,소고기볶음밥,소고기볶음밥<input>쇠고기볶음밥
메밀전병,메미즌병,메미즌병<input>메밀전병
풋고추찜,푸꼬추찜,푸꼬추찜<input>풋고추찜
호박오가리나물무침,호박나물멋침,호박나물멋침<input>호박오가리나물무침
닭고기덮밥,닭고기덮밥,닭고기덮밥<input>닭고기덮밥
두부쇠고기고추장찌개,더부소고기고추장찌게,더부소고기고추장찌게<input>두부쇠고기고추장찌개
닭꼬치,다꼬침,다꼬침<input>닭꼬치
비름나물무침,비름나믈,비름나믈<input>비름나물무침
가오리찜,가어리찜,가어리찜<input>가오리찜
막국수,막국시,막국시<input>막국수
회덮밥,회덥빱,회덥빱<input>회덮밥
해초무침,해초멋침,해초멋침<input>해초무침
김치라면,김치라먼,김치라먼<input>김치라면
쇠고기볶음,소고기보끈,소고기보끈<input>쇠고기볶음
순댓국,순댓꾹,순댓꾹<input>순댓국
돼지고기김치찌개,돼지김치찌기,돼지김치찌기<input>돼지고기김치찌개
삼계탕,삼겨타앙,삼겨타앙<input>삼계탕
북어채무침,부거채머침,부거채머침<input>북어채무침
코다리찜,커다리찜,커다리찜<input>코다리찜
새우젓두부찌개,새우짓더부찌개,새우짓더부찌개<input>새우젓두부찌개
노각무침,노각머침,노각머침<input>노각무침
흑임자죽,흑임저죽,흑임저죽<input>흑임자죽
참치완자전,참치완자즌,참치완자즌<input>참치완자전
닭칼국수,닭칼구수,닭칼구수<input>닭칼국수
오징어채소무침,오징어채소멋침,오징어채소멋침<input>오징어채소무침
쇠고기버섯볶음,버섯쇠고기보끔,버섯쇠고기보끔<input>쇠고기버섯볶음
마늘빵,매널빠앙,매널빠앙<input>마늘빵
고추잡채,고춧잡채,고춧잡채<input>고추잡채
소세지볶음,소시쥐보끔,소시쥐보끔<input>소세지볶음
해물파전,해물파쩐,해물파쩐<input>해물파전
북어찜,벅어찜,벅어찜<input>북어찜
배추된장국,배츄된장꾹,배츄된장꾹<input>배추된장국
족발,적빨,적빨<input>족발
고추전,거추전,거추전<input>고추전
어묵김치찌개,오뎅김치찌개,오뎅김치찌개<input>어묵김치찌개
콩나물된장국,된장콩나물국,된장콩나물국<input>콩나물된장국
해물볶음,해물보끔,해물보끔<input>해물볶음
닭조림,닥쪼림,닥쪼림<input>닭조림
치킨무,통닭무,통닭무<input>치킨무
고등어튀김,고등이튀기,고등이튀기<input>고등어튀김
오므라이스,오무라이수,오무라이수<input>오므라이스
황태해장국,황태해장괭,황태해장괭<input>황태해장국
흑임자죽,허김자죽,허김자죽<input>흑임자죽
잡채,잡치,잡치<input>잡채
소고기국밥,소고기국빱,소고기국빱<input>소고기국밥
배추김치,배치김치,배치김치<input>배추김치
애호박찜,애허박찜,애허박찜<input>애호박찜
대구매운탕,대구매언탕,대구매언탕<input>대구매운탕
표고버섯전,포고버섯전,포고버섯전<input>표고버섯전
제육볶음,재육보끔,재육보끔<input>제육볶음
두부김치,더부김취,더부김취<input>두부김치
잔멸치견과류볶음,견과류잔멸치볶음,견과류잔멸치볶음<input>잔멸치견과류볶음
열무얼갈이김치,열무김치,열무김치<input>열무얼갈이김치
생선모듬초밥,모둠생선초밥,모둠생선초밥<input>생선모듬초밥
김치볶음,김치보끔,김치보끔<input>김치볶음
잣죽,자쭉,자쭉<input>잣죽
홍합미역국,헝합미역걱,헝합미역걱<input>홍합미역국
고등어구이,고등어,고등어<input>고등어구이
호떡,허떡,허떡<input>호떡
고구마줄기나물무침,고구마순,고구마순<input>고구마줄기나물무침
경단(콩),콩경딘,콩경딘<input>경단(콩)
오징어채소무침,오징어채소뭇침,오징어채소뭇침<input>오징어채소무침
선짓국(선지해장국),선지꾹,선지꾹<input>선짓국(선지해장국)
무조림,무우조림,무우조림<input>무조림
삼선짬뽕,삼선잠뽕,삼선잠뽕<input>삼선짬뽕
열무냉면,열무냉멸,열무냉멸<input>열무냉면
돼지갈비구이,돼지갈비,돼지갈비<input>돼지갈비구이
생선초밥(모듬),모든초밥,모든초밥<input>생선초밥(모듬)
시래기된장국,시래기된장굼,시래기된장굼<input>시래기된장국
표고버섯볶음밥,표고버섯보끔밥,표고버섯보끔밥<input>표고버섯볶음밥
녹두시루떡,넉두시루뜩,넉두시루뜩<input>녹두시루떡
생크림케이크,생쿠림케이크,생쿠림케이크<input>생크림케이크
곰탕,곰타앙,곰타앙<input>곰탕
굴짬뽕,굴짬삥,굴짬삥<input>굴짬뽕
머핀,머퓐,머퓐<input>머핀
일본매실장아찌,일본매실짱앗찌,일본매실짱앗찌<input>일본매실장아찌
두부애호박된장찌개,두부애후박된장찌개,두부애후박된장찌개<input>두부애호박된장찌개
찐감자,진감자아,진감자아<input>찐감자
깻잎장아찌,깻닙짱아찌,깻닙짱아찌<input>깻잎장아찌
족발,족빨,족빨<input>족발
쇠고기김밥,소고기김빱,소고기김빱<input>쇠고기김밥
풋고추된장무침,된장풋고추뭇침,된장풋고추뭇침<input>풋고추된장무침
닭가슴살샌드위치,닥까슴살산도이치,닥까슴살산도이치<input>닭가슴살샌드위치
삼선볶음밥,삼선보끔밥,삼선보끔밥<input>삼선볶음밥
버섯전골,버섯전굴,버섯전굴<input>버섯전골
달걀프라이,개란후라이,개란후라이<input>달걀프라이
닭개장,닭깨장,닭깨장<input>닭개장
배추겉절이,배추걷저리,배추걷저리<input>배추겉절이
수수부꾸미,수수버꾸미,수수버꾸미<input>수수부꾸미
소갈비찜,소갤비찜,소갤비찜<input>소갈비찜
닭갈비,닥가비,닥가비<input>닭갈비
소고기무국,소고길무국,소고길무국<input>소고기무국
양념치킨,양념침킨,양념침킨<input>양념치킨
검정콩밥,꺼믄콩밥,꺼믄콩밥<input>검정콩밥
동치미,동취미,동취미<input>동치미
치커리겉절이,치커리겉저리,치커리겉저리<input>치커리겉절이
옥수수샐러드,옥시시샐러드,옥시시샐러드<input>옥수수샐러드
두부쇠고기고추장찌개,두부소고기고추장찌기,두부소고기고추장찌기<input>두부쇠고기고추장찌개
감자크로켓,감저크로겟,감저크로겟<input>감자크로켓
BLT샌드위치,비앨티샌도이취,비앨티샌도이취<input>BLT샌드위치
건갈치조림,건갈치죄림,건갈치죄림<input>건갈치조림
호떡,홋떡,홋떡<input>호떡
문어고추장볶음,고츄장문어보끔,고츄장문어보끔<input>문어고추장볶음
달걀찜(우유),우유게란찜,우유게란찜<input>달걀찜(우유)
한치초밥,한치처밥,한치처밥<input>한치초밥
햄버거,햄버걸,햄버걸<input>햄버거
마늘쫑조림,마늘종조림,마늘종조림<input>마늘쫑조림
볶음밥,보끈밥,보끈밥<input>볶음밥
더덕장아찌,드득짱아찌,드득짱아찌<input>더덕장아찌
돼지고기김치볶음,대지고기김치보끔,대지고기김치보끔<input>돼지고기김치볶음
쇠갈비찜,쇠갤비찜,쇠갤비찜<input>쇠갈비찜
오징어무침,오징어뭇침,오징어뭇침<input>오징어무침
팥빙수,팓삥수,팓삥수<input>팥빙수
팔보채,팔부채,팔부채<input>팔보채
땅콩조림,땅콩쪼림,땅콩쪼림<input>땅콩조림
메기매운탕,메기매언탕,메기매언탕<input>메기매운탕
등심돈가스,등심돈까수,등심돈까수<input>등심돈가스
돼지곱창순대볶음,돼지곱창순대보끔,돼지곱창순대보끔<input>돼지곱창순대볶음
닭조림,닥쪼림,닥쪼림<input>닭조림
순두부김치찌개,선두부김치찌개,선두부김치찌개<input>순두부김치찌개
미숫가루,미쑷가루,미쑷가루<input>미숫가루
치즈라면,치지라면,치지라면<input>치즈라면
조기찜,조기짐,조기짐<input>조기찜
링도넛,리잉도오넛,리잉도오넛<input>링도넛
참치샌드위치,참치샌드위치,참치샌드위치<input>참치샌드위치
대구포,대굿포,대굿포<input>대구포
죽순쇠고기볶음,쇠고기죽순보끔,쇠고기죽순보끔<input>죽순쇠고기볶음
멸치볶음,멸치보끔,멸치보끔<input>멸치볶음
메밀전,메밀즌,메밀즌<input>메밀전
총각김치,청각김치,청각김치<input>총각김치
햄김치찌개,햄김츼찌기,햄김츼찌기<input>햄김치찌개
동태찜,동티찜,동티찜<input>동태찜
어묵김치찌개,오댕김치찌게,오댕김치찌게<input>어묵김치찌개
소시지볶음,소시지보끔,소시지보끔<input>소시지볶음
햄채소볶음,채소햄볶음,채소햄볶음<input>햄채소볶음
BLT샌드위치,비앨티산도이치,비앨티산도이치<input>BLT샌드위치
닭볶음,닥뽀끈,닥뽀끈<input>닭볶음
떡강정,떡깡정,떡깡정<input>떡강정
돼지고기김치볶음,돼지괴기김치보끔,돼지괴기김치보끔<input>돼지고기김치볶음
츄러스,추러스,추러스<input>츄러스
제육볶음,재육볶음,재육볶음<input>제육볶음
햄치즈샌드위치,햄치주산도이치,햄치주산도이치<input>햄치즈샌드위치
풋마늘무침,마늘무침,마늘무침<input>풋마늘무침
잔멸치고추볶음,잔멸치고추보끈,잔멸치고추보끈<input>잔멸치고추볶음
해물콩나물찜,햐물콩내물찜,햐물콩내물찜<input>해물콩나물찜
양념새우젓,양념새우즛,양념새우즛<input>양념새우젓
고등어튀김,고등이튀김,고등이튀김<input>고등어튀김
간장양념닭다리튀김,간장응념닭다리튀김,간장응념닭다리튀김<input>간장양념닭다리튀김
참치샐러드,참치사라다,참치사라다<input>참치샐러드
김치만두,김취만두,김취만두<input>김치만두
쇠곱창구이,쇠곱창,쇠곱창<input>쇠곱창구이
아구찜,아귀짐,아귀짐<input>아구찜
배추나물무침,배추나믈,배추나믈<input>배추나물무침
버섯샤브샤브,버섯샤브,버섯샤브<input>버섯샤브샤브
상추겉절이,상추걷저리,상추걷저리<input>상추겉절이
녹두빈대떡,넉두빈대떡,넉두빈대떡<input>녹두빈대떡
닭튀김,닥튀기,닥튀기<input>닭튀김
호박부침개,호박부치개,호박부치개<input>호박부침개
양념멸치젓,양념멸치즛,양념멸치즛<input>양념멸치젓
고추김밥,고추김빱,고추김빱<input>고추김밥
라볶이,라봇끼,라봇끼<input>라볶이
양파장아찌,양파짱아찌,양파짱아찌<input>양파장아찌
미트볼조림,밋트볼조림,밋트볼조림<input>미트볼조림
잡곡밥,잡걱빱,잡걱빱<input>잡곡밥
페퍼로니피자,페퍼로니피짜,페퍼로니피짜<input>페퍼로니피자
막국수,막꾹수,막꾹수<input>막국수
낙지꼬지,낙지꼿이,낙지꼿이<input>낙지꼬지
참치볶음밥,참치보끈밥,참치보끈밥<input>참치볶음밥
호박오가리나물무침,호박오가리나물멋침,호박오가리나물멋침<input>호박오가리나물무침
간장양념닭다리구이,간장응념닥따리구이,간장응념닥따리구이<input>간장양념닭다리구이
쑥떡,쑥뜩,쑥뜩<input>쑥떡
롤케이크,럴케이크,럴케이크<input>롤케이크
주꾸미볶음,쭈꾸미볶임,쭈꾸미볶임<input>주꾸미볶음
달걀프라이,계란프라이,계란프라이<input>달걀프라이
감자탕,감저탕,감저탕<input>감자탕
미소된장국,미소된장궁,미소된장궁<input>미소된장국
시래기나물무침,시래기나멀,시래기나멀<input>시래기나물무침
동그랑땡(육원전),뚱그랑땡,뚱그랑땡<input>동그랑땡(육원전)
라볶이,라뽀끼,라뽀끼<input>라볶이
팥찹쌀떡,팥찹쌀뜩,팥찹쌀뜩<input>팥찹쌀떡
메밀묵국,매밀묵국,매밀묵국<input>메밀묵국
새싹채소샐러드,새싹채소샐러다,새싹채소샐러다<input>새싹채소샐러드
더덕장아찌,더덕짱아찌,더덕짱아찌<input>더덕장아찌
찹쌀도넛,찹쌀도넛츠,찹쌀도넛츠<input>찹쌀도넛
쇠고기배춧국,소고기배춧국,소고기배춧국<input>쇠고기배춧국
닭가슴살샐러드,닥까슴살샐러드,닥까슴살샐러드<input>닭가슴살샐러드
어묵조림,오댕조림,오댕조림<input>어묵조림
취나물된장무침,된장취나물,된장취나물<input>취나물된장무침
메밀전병,메미전병,메미전병<input>메밀전병
새우튀김롤,새우튀기롤,새우튀기롤<input>새우튀김롤
배추된장국,배츄된장국,배츄된장국<input>배추된장국
생선초밥(광어),광어처밥,광어처밥<input>생선초밥(광어)
김튀김,김티김,김티김<input>김튀김
열무나물무침,얼무나물,얼무나물<input>열무나물무침
채소샌드위치,채소샌도이치,채소샌도이치<input>채소샌드위치
부추김치,버추김치,버추김치<input>부추김치
달래무침,달래머침,달래머침<input>달래무침
콩조림,컹조림,컹조림<input>콩조림
오리고기구이,오리괴기,오리괴기<input>오리고기구이
달걀말이,개란마리,개란마리<input>달걀말이
참치샌드위치,참치산드위치,참치산드위치<input>참치샌드위치
뱅어포구이,뱅어폽구이,뱅어폽구이<input>뱅어포구이
미트볼조림,밋트볼쪼림,밋트볼쪼림<input>미트볼조림
기피편,기픠핀,기픠핀<input>기피편
해물완자전,해물완저전,해물완저전<input>해물완자전
류산슬덮밥,류산실덥밥,류산실덥밥<input>류산슬덮밥
연어초밥,연어추밥,연어추밥<input>연어초밥
미숫가루,미수까리,미수까리<input>미숫가루
새우튀김롤,새우튀기럴,새우튀기럴<input>새우튀김롤
햄샌드위치,햄산도이치,햄산도이치<input>햄샌드위치
순대국밥,순댓국빱,순댓국빱<input>순대국밥
츄러스,츄러쓰,츄러쓰<input>츄러스
깻잎찜,깬닙찜,깬닙찜<input>깻잎찜
쇠고기김밥,쇠고기김빱,쇠고기김빱<input>쇠고기김밥
잔멸치풋고추볶음,풋고추잔멸치보끔,풋고추잔멸치보끔<input>잔멸치풋고추볶음
김치국,김칭국,김칭국<input>김치국
달걀찜(새우젓),새우젓개란찜,새우젓개란찜<input>달걀찜(새우젓)
육회비빔밥,유캐비빔밥,유캐비빔밥<input>육회비빔밥
곰보빵,검보빵,검보빵<input>곰보빵
류산슬덮밥,류산슬더빱,류산슬더빱<input>류산슬덮밥
닭발구이,닭발,닭발<input>닭발구이
쇠갈비구이,소갈비,소갈비<input>쇠갈비구이
비빔국수,비빔국시,비빔국시<input>비빔국수
삼계탕,삼게탕,삼게탕<input>삼계탕
해물토마토소스스파게티,해물토마토파스타,해물토마토파스타<input>해물토마토소스스파게티
숙주나물무침,숙주나물,숙주나물<input>숙주나물무침
멸치견과류볶음,멸치견과류보끈,멸치견과류보끈<input>멸치견과류볶음
깻잎나물볶음,깬닙나물,깬닙나물<input>깻잎나물볶음
치킨데리야끼,치킨데리야키,치킨데리야키<input>치킨데리야끼
깻잎나물무침,깬닙나물무침,깬닙나물무침<input>깻잎나물무침
부대찌개,부대찌기,부대찌기<input>부대찌개
녹두시루떡,녹드시루떡,녹드시루떡<input>녹두시루떡
라조기,라조길,라조길<input>라조기
닭고기냉채,닥고기냉채,닥고기냉채<input>닭고기냉채
치즈돈가스,치즈돈까스,치즈돈까스<input>치즈돈가스
콤비네이션피자,콤비네이션핏자,콤비네이션핏자<input>콤비네이션피자
모듬회덮밥,모듬회덥빱,모듬회덥빱<input>모듬회덮밥
시래기나물무침,쉬래기나물무침,쉬래기나물무침<input>시래기나물무침
미역초무침,미역처무침,미역처무침<input>미역초무침
돼지고기찌개,돼지찌기,돼지찌기<input>돼지고기찌개
임연수구이,임연수구일,임연수구일<input>임연수구이
등심스테이크,등심스테익,등심스테익<input>등심스테이크
참치샌드위치,참치샌드이취,참치샌드이취<input>참치샌드위치
채소떡볶이,채소떡보기,채소떡보기<input>채소떡볶이
잔멸치볶음,잔멸치보끈,잔멸치보끈<input>잔멸치볶음
달걀찜(새우젓),새우젓개란찜,새우젓개란찜<input>달걀찜(새우젓)
간자장,간짜증,간짜증<input>간자장
달걀찜(새우젓),새우젓계란찜,새우젓계란찜<input>달걀찜(새우젓)
조기조림,조기저림,조기저림<input>조기조림
브로콜리볶음,브로콜리보끔,브로콜리보끔<input>브로콜리볶음
돼지갈비찜,돼지갈비찜,돼지갈비찜<input>돼지갈비찜
아구찜,아구짐,아구짐<input>아구찜
햄치즈샌드위치,햄치즈산도이치,햄치즈산도이치<input>햄치즈샌드위치
라볶이,라뽓끼,라뽓끼<input>라볶이
닭죽,닭주욱,닭주욱<input>닭죽
동그랑땡(육원전),동그랑띵,동그랑띵<input>동그랑땡(육원전)
미나리나물,미나아리나물,미나아리나물<input>미나리나물
가자미식해,가자미식혜,가자미식혜<input>가자미식해
가지나물무침,가지나물,가지나물<input>가지나물무침
추어탕,추어타앙,추어타앙<input>추어탕
잔치국수,잔치국시,잔치국시<input>잔치국수
순대볶음,순대보끔,순대보끔<input>순대볶음
간장양념닭다리구이,간장닥따리,간장닥따리<input>간장양념닭다리구이
소양념갈비구이,소양념갈비구일,소양념갈비구일<input>소양념갈비구이
돼지껍데기볶음,대지껍디기보끔,대지껍디기보끔<input>돼지껍데기볶음
잡채밥,잡채빱,잡채빱<input>잡채밥
백김치,백김취,백김취<input>백김치
감자채소볶음,감자채소보끔,감자채소보끔<input>감자채소볶음
페이스트리,패스트리,패스트리<input>페이스트리
돼지갈비구이,대지갈비구이,대지갈비구이<input>돼지갈비구이
회무침,회멋침,회멋침<input>회무침
우거지해장국,우거지해장과,우거지해장과<input>우거지해장국
찹쌀도넛,찹쌀도나츠,찹쌀도나츠<input>찹쌀도넛
해물칼국수,해멀칼국시,해멀칼국시<input>해물칼국수
닭가슴살피망볶음,닥가슴살피망보끔,닥가슴살피망보끔<input>닭가슴살피망볶음
머위나물볶음,머위나멀,머위나멀<input>머위나물볶음
옥수수샐러드,옥수수사라다,옥수수사라다<input>옥수수샐러드
콩국수,콩국수,콩국수<input>콩국수
모듬회덮밥,모듬회더빱,모듬회더빱<input>모듬회덮밥
미역줄기볶음,미역줄기보끔,미역줄기보끔<input>미역줄기볶음
도가니탕,도거니탕,도거니탕<input>도가니탕
닭갈비,닭갈비,닭갈비<input>닭갈비
닭꼬치,닭꼬치,닭꼬치<input>닭꼬치
더덕구이,더덕구이,더덕구이<input>더덕구이
소양념갈비구이,소양념갈비구이,소양념갈비구이<input>소양념갈비구이
양념장어구이,양념장어구이,양념장어구이<input>양념장어구이
임연수구이,임연수구이,임연수구이<input>임연수구이
햄버그스테이크,햄버그스테이크,햄버그스테이크<input>햄버그스테이크
황태구이,황태구이,황태구이<input>황태구이
훈제오리,훈제오리,훈제오리<input>훈제오리
굴국밥,굴국밥,굴국밥<input>굴국밥
김치국,김치국,김치국<input>김치국
떡만둣국,떡만둣국,떡만둣국<input>떡만둣국
만둣국,만둣국,만둣국<input>만둣국
맑은감자국,맑은감자국,맑은감자국<input>맑은감자국
무된장국,무된장국,무된장국<input>무된장국
미소된장국,미소된장국,미소된장국<input>미소된장국
바지락조개국,바지락조개국,바지락조개국<input>바지락조개국
뼈다귀해장국,뼈다귀해장국,뼈다귀해장국<input>뼈다귀해장국
선지해장국,선지해장국,선지해장국<input>선지해장국
소고기무국,소고기무국,소고기무국<input>소고기무국
시래기된장국,시래기된장국,시래기된장국<input>시래기된장국
우거지해장국,우거지해장국,우거지해장국<input>우거지해장국
우렁된장국,우렁된장국,우렁된장국<input>우렁된장국
홍합미역국,홍합미역국,홍합미역국<input>홍합미역국
황태해장국,황태해장국,황태해장국<input>황태해장국
고추잡채,고추잡채,고추잡채<input>고추잡채
난자완스,난자완스,난자완스<input>난자완스
라조기,라조기,라조기<input>라조기
생선물회,생선물회,생선물회<input>생선물회
소고기샤브샤브,소고기샤브샤브,소고기샤브샤브<input>소고기샤브샤브
해파리냉채,해파리냉채,해파리냉채<input>해파리냉채
고들빼기,고들빼기,고들빼기<input>고들빼기
열무얼갈이김치,열무얼갈이김치,열무얼갈이김치<input>열무얼갈이김치
미나리나물,미나리나물,미나리나물<input>미나리나물
취나물,취나물,취나물<input>취나물
경단(깨),경단(깨),경단(깨)<input>경단(깨)
경단(콩),경단(콩),경단(콩)<input>경단(콩)
기피편,기피편,기피편<input>기피편
녹두시루떡,녹두시루떡,녹두시루떡<input>녹두시루떡
메밀전병,메밀전병,메밀전병<input>메밀전병
무지개떡,무지개떡,무지개떡<input>무지개떡
송편(깨),송편(깨),송편(깨)<input>송편(깨)
송편(콩),송편(콩),송편(콩)<input>송편(콩)
수수부꾸미,수수부꾸미,수수부꾸미<input>수수부꾸미
수수팥떡,수수팥떡,수수팥떡<input>수수팥떡
시루떡,시루떡,시루떡<input>시루떡
쑥떡,쑥떡,쑥떡<input>쑥떡
절편,절편,절편<input>절편
찹쌀떡,찹쌀떡,찹쌀떡<input>찹쌀떡
간자장,간자장,간자장<input>간자장
굴짬뽕,굴짬뽕,굴짬뽕<input>굴짬뽕
기스면,기스면,기스면<input>기스면
김치라면,김치라면,김치라면<input>김치라면
김치우동,김치우동,김치우동<input>김치우동
냉김치말이국수,냉김치말이국수,냉김치말이국수<input>냉김치말이국수
닭칼국수,닭칼국수,닭칼국수<input>닭칼국수
둘깨칼국수,둘깨칼국수,둘깨칼국수<input>둘깨칼국수
삼선우동,삼선우동,삼선우동<input>삼선우동
삼선자장면,삼선자장면,삼선자장면<input>삼선자장면
삼선짬뽕,삼선짬뽕,삼선짬뽕<input>삼선짬뽕
쌀국수,쌀국수,쌀국수<input>쌀국수
열무김치국수,열무김치국수,열무김치국수<input>열무김치국수
열무냉면,열무냉면,열무냉면<input>열무냉면
오일소스스파게티,오일소스스파게티,오일소스스파게티<input>오일소스스파게티
우동(일식),우동(일식),우동(일식)<input>우동(일식)
우동(중식),우동(중식),우동(중식)<input>우동(중식)
울면,울면,울면<input>울면
자장면,자장면,자장면<input>자장면
짬뽕라면,짬뽕라면,짬뽕라면<input>짬뽕라면
치즈라면,치즈라면,치즈라면<input>치즈라면
크림소스스파게티,크림소스스파게티,크림소스스파게티<input>크림소스스파게티
토마토소스스파게티,토마토소스스파게티,토마토소스스파게티<input>토마토소스스파게티
해물칼국수,해물칼국수,해물칼국수<input>해물칼국수
해물크림소스스파게티,해물크림소스스파게티,해물크림소스스파게티<input>해물크림소스스파게티
해물토마토소스스파게티,해물토마토소스스파게티,해물토마토소스스파게티<input>해물토마토소스스파게티
골뱅이무침,골뱅이무침,골뱅이무침<input>골뱅이무침
노각무침,노각무침,노각무침<input>노각무침
단무지무침,단무지무침,단무지무침<input>단무지무침
달래나물무침,달래나물무침,달래나물무침<input>달래나물무침
더덕무침,더덕무침,더덕무침<input>더덕무침
도토리묵,도토리묵,도토리묵<input>도토리묵
쑥갓나물무침,쑥갓나물무침,쑥갓나물무침<input>쑥갓나물무침
쥐치채,쥐치채,쥐치채<input>쥐치채
청포묵무침,청포묵무침,청포묵무침<input>청포묵무침
탕평채,탕평채,탕평채<input>탕평채
홍어무침,홍어무침,홍어무침<input>홍어무침
고추장불고기삼각김밥,고추장불고기삼각김밥,고추장불고기삼각김밥<input>고추장불고기삼각김밥
농어초밥,농어초밥,농어초밥<input>농어초밥
류산슬덮밥,류산슬덮밥,류산슬덮밥<input>류산슬덮밥
멸치주먹밥,멸치주먹밥,멸치주먹밥<input>멸치주먹밥
문어초밥,문어초밥,문어초밥<input>문어초밥
삼선볶음밥,삼선볶음밥,삼선볶음밥<input>삼선볶음밥
새우초밥,새우초밥,새우초밥<input>새우초밥
새우튀김롤,새우튀김롤,새우튀김롤<input>새우튀김롤
샐러드김밥,샐러드김밥,샐러드김밥<input>샐러드김밥
생선초밥(광어),생선초밥(광어),생선초밥(광어)<input>생선초밥(광어)
생선초밥(모듬),생선초밥(모듬),생선초밥(모듬)<input>생선초밥(모듬)
소고기국밥,소고기국밥,소고기국밥<input>소고기국밥
소고기김밥,소고기김밥,소고기김밥<input>소고기김밥
송이덮밥,송이덮밥,송이덮밥<input>송이덮밥
숯불갈비삼각김밥,숯불갈비삼각김밥,숯불갈비삼각김밥<input>숯불갈비삼각김밥
연어롤,연어롤,연어롤<input>연어롤
연어초밥,연어초밥,연어초밥<input>연어초밥
오곡밥,오곡밥,오곡밥<input>오곡밥
자장밥,자장밥,자장밥<input>자장밥
잡탕밥,잡탕밥,잡탕밥<input>잡탕밥
장어덮밥,장어덮밥,장어덮밥<input>장어덮밥
장어초밥,장어초밥,장어초밥<input>장어초밥
참치덮밥,참치덮밥,참치덮밥<input>참치덮밥
참치마요네즈삼각김밥,참치마요네즈삼각김밥,참치마요네즈삼각김밥<input>참치마요네즈삼각김밥
충무김밥,충무김밥,충무김밥<input>충무김밥
캘리포니아롤,캘리포니아롤,캘리포니아롤<input>캘리포니아롤
한치초밥,한치초밥,한치초밥<input>한치초밥
해물덮밥,해물덮밥,해물덮밥<input>해물덮밥
해물볶음밥,해물볶음밥,해물볶음밥<input>해물볶음밥
회덮밥,회덮밥,회덮밥<input>회덮밥
깻잎나물볶음,깻잎나물볶음,깻잎나물볶음<input>깻잎나물볶음
돼지고기볶음,돼지고기볶음,돼지고기볶음<input>돼지고기볶음
돼지껍데기볶음,돼지껍데기볶음,돼지껍데기볶음<input>돼지껍데기볶음
두부김치,두부김치,두부김치<input>두부김치
머위나물볶음,머위나물볶음,머위나물볶음<input>머위나물볶음
멸치풋고추볶음,멸치풋고추볶음,멸치풋고추볶음<input>멸치풋고추볶음
소세지볶음,소세지볶음,소세지볶음<input>소세지볶음
순대볶음,순대볶음,순대볶음<input>순대볶음
양송이버섯볶음,양송이버섯볶음,양송이버섯볶음<input>양송이버섯볶음
오삼불고기,오삼불고기,오삼불고기<input>오삼불고기
주꾸미볶음,주꾸미볶음,주꾸미볶음<input>주꾸미볶음
표고버섯볶음,표고버섯볶음,표고버섯볶음<input>표고버섯볶음
해물볶음,해물볶음,해물볶음<input>해물볶음
곰보빵,곰보빵,곰보빵<input>곰보빵
만주,만주,만주<input>만주
버터크림빵,버터크림빵,버터크림빵<input>버터크림빵
불고기피자,불고기피자,불고기피자<input>불고기피자
참치샌드위치,참치샌드위치,참치샌드위치<input>참치샌드위치
찹쌀도우넛,찹쌀도우넛,찹쌀도우넛<input>찹쌀도우넛
채소고로케,채소고로케,채소고로케<input>채소고로케
초콜릿케이크,초콜릿케이크,초콜릿케이크<input>초콜릿케이크
치즈케이크,치즈케이크,치즈케이크<input>치즈케이크
치즈피자,치즈피자,치즈피자<input>치즈피자
페이스트리빵,페이스트리빵,페이스트리빵<input>페이스트리빵
페퍼로니피자,페퍼로니피자,페퍼로니피자<input>페퍼로니피자
포테이토피자,포테이토피자,포테이토피자<input>포테이토피자
수정과,수정과,수정과<input>수정과
식혜,식혜,식혜<input>식혜
간장마늘쫑장아찌,간장마늘쫑장아찌,간장마늘쫑장아찌<input>간장마늘쫑장아찌
고추장마늘쫑장아찌,고추장마늘쫑장아찌,고추장마늘쫑장아찌<input>고추장마늘쫑장아찌
매실장아찌,매실장아찌,매실장아찌<input>매실장아찌
무장아찌,무장아찌,무장아찌<input>무장아찌
낙지꼬지,낙지꼬지,낙지꼬지<input>낙지꼬지
소고기산적,소고기산적,소고기산적<input>소고기산적
소라산적,소라산적,소라산적<input>소라산적
오징어산적,오징어산적,오징어산적<input>오징어산적
홍합산적,홍합산적,홍합산적<input>홍합산적
가자미전,가자미전,가자미전<input>가자미전
고추전,고추전,고추전<input>고추전
굴전,굴전,굴전<input>굴전
깻잎전,깻잎전,깻잎전<input>깻잎전
녹두빈대떡,녹두빈대떡,녹두빈대떡<input>녹두빈대떡
동그랑땡(육원전),동그랑땡(육원전),동그랑땡(육원전)<input>동그랑땡(육원전)
동태전,동태전,동태전<input>동태전
두부전,두부전,두부전<input>두부전
미나리전,미나리전,미나리전<input>미나리전
배추전,배추전,배추전<input>배추전
버섯전,버섯전,버섯전<input>버섯전
야채전,야채전,야채전<input>야채전
파전,파전,파전<input>파전
햄부침,햄부침,햄부침<input>햄부침
호박부침개,호박부침개,호박부침개<input>호박부침개
호박전,호박전,호박전<input>호박전
화양적,화양적,화양적<input>화양적
가자미조림,가자미조림,가자미조림<input>가자미조림
고추조림,고추조림,고추조림<input>고추조림
동태조림,동태조림,동태조림<input>동태조림
돼지고기메추리알장조림,돼지고기메추리알장조림,돼지고기메추리알장조림<input>돼지고기메추리알장조림
북어조림,북어조림,북어조림<input>북어조림
소고기메추리알장조림,소고기메추리알장조림,소고기메추리알장조림<input>소고기메추리알장조림
조기조림,조기조림,조기조림<input>조기조림
게살죽,게살죽,게살죽<input>게살죽
깨죽,깨죽,깨죽<input>깨죽
소고기버섯죽,소고기버섯죽,소고기버섯죽<input>소고기버섯죽
잣죽,잣죽,잣죽<input>잣죽
참치죽,참치죽,참치죽<input>참치죽
고등어찌개,고등어찌개,고등어찌개<input>고등어찌개
김치찌개,김치찌개,김치찌개<input>김치찌개
꽁치찌개,꽁치찌개,꽁치찌개<input>꽁치찌개
두부전골,두부전골,두부전골<input>두부전골
버섯찌개,버섯찌개,버섯찌개<input>버섯찌개
새우젓두부찌개,새우젓두부찌개,새우젓두부찌개<input>새우젓두부찌개
소곱창전골,소곱창전골,소곱창전골<input>소곱창전골
햄김치찌개,햄김치찌개,햄김치찌개<input>햄김치찌개
호박찌개,호박찌개,호박찌개<input>호박찌개
대구찜,대구찜,대구찜<input>대구찜
동태찜,동태찜,동태찜<input>동태찜
돼지등갈비찜,돼지등갈비찜,돼지등갈비찜<input>돼지등갈비찜
돼지머리고기,돼지머리고기,돼지머리고기<input>돼지머리고기
북어찜,북어찜,북어찜<input>북어찜
소갈비찜,소갈비찜,소갈비찜<input>소갈비찜
순대,순대,순대<input>순대
아구찜,아구찜,아구찜<input>아구찜
조기찜,조기찜,조기찜<input>조기찜
참꼬막,참꼬막,참꼬막<input>참꼬막
해물찜,해물찜,해물찜<input>해물찜
광어매운탕,광어매운탕,광어매운탕<input>광어매운탕
낙지탕,낙지탕,낙지탕<input>낙지탕
대구매운탕,대구매운탕,대구매운탕<input>대구매운탕
대구지리탕,대구지리탕,대구지리탕<input>대구지리탕
메기매운탕,메기매운탕,메기매운탕<input>메기매운탕
복지리탕,복지리탕,복지리탕<input>복지리탕
소탕,소탕,소탕<input>소탕
아구탕,아구탕,아구탕<input>아구탕
어탕,어탕,어탕<input>어탕
연포탕,연포탕,연포탕<input>연포탕
우럭매운탕,우럭매운탕,우럭매운탕<input>우럭매운탕
전복탕,전복탕,전복탕<input>전복탕
조기매운탕,조기매운탕,조기매운탕<input>조기매운탕
해물탕,해물탕,해물탕<input>해물탕
고구마맛탕,고구마맛탕,고구마맛탕<input>고구마맛탕
고구마튀김,고구마튀김,고구마튀김<input>고구마튀김
고추튀김,고추튀김,고추튀김<input>고추튀김
닭튀김,닭튀김,닭튀김<input>닭튀김
등심돈가스,등심돈가스,등심돈가스<input>등심돈가스
미꾸라지튀김,미꾸라지튀김,미꾸라지튀김<input>미꾸라지튀김
생선까스,생선까스,생선까스<input>생선까스
안심돈가스,안심돈가스,안심돈가스<input>안심돈가스
양념치킨,양념치킨,양념치킨<input>양념치킨
쥐포튀김,쥐포튀김,쥐포튀김<input>쥐포튀김
치즈돈가스,치즈돈가스,치즈돈가스<input>치즈돈가스
치킨까스,치킨까스,치킨까스<input>치킨까스
대구포,대구포,대구포<input>대구포
매작과,매작과,매작과<input>매작과
산자,산자,산자<input>산자
송화다식,송화다식,송화다식<input>송화다식
약과,약과,약과<input>약과
유과,유과,유과<input>유과
가래떡,가래떡,가래떡<input>가래떡
깨송편,깨송편,깨송편<input>깨송편
꿀떡,꿀떡,꿀떡<input>꿀떡
모듬찰떡,모듬찰떡,모듬찰떡<input>모듬찰떡
백설기,백설기,백설기<input>백설기
쑥절편,쑥절편,쑥절편<input>쑥절편
약식,약식,약식<input>약식
인절미,인절미,인절미<input>인절미
증편,증편,증편<input>증편
찐감자,찐감자,찐감자<input>찐감자
찐고구마,찐고구마,찐고구마<input>찐고구마
찐옥수수,찐옥수수,찐옥수수<input>찐옥수수
참깨경단,참깨경단,참깨경단<input>참깨경단
팥시루떡,팥시루떡,팥시루떡<input>팥시루떡
팥찹쌀떡,팥찹쌀떡,팥찹쌀떡<input>팥찹쌀떡
가자미구이,가자미구이,가자미구이<input>가자미구이
간장양념닭다리구이,간장양념닭다리구이,간장양념닭다리구이<input>간장양념닭다리구이
갈치구이,갈치구이,갈치구이<input>갈치구이
고등어구이,고등어구이,고등어구이<input>고등어구이
고등어석쇠구이,고등어석쇠구이,고등어석쇠구이<input>고등어석쇠구이
굴비구이,굴비구이,굴비구이<input>굴비구이
꽁치구이,꽁치구이,꽁치구이<input>꽁치구이
닭고기대파꼬치구이,닭고기대파꼬치구이,닭고기대파꼬치구이<input>닭고기대파꼬치구이
닭구이,닭구이,닭구이<input>닭구이
닭발구이,닭발구이,닭발구이<input>닭발구이
돼지갈비구이,돼지갈비구이,돼지갈비구이<input>돼지갈비구이
돼지고기산적,돼지고기산적,돼지고기산적<input>돼지고기산적
돼지불고기,돼지불고기,돼지불고기<input>돼지불고기
등심스테이크,등심스테이크,등심스테이크<input>등심스테이크
런천미트구이,런천미트구이,런천미트구이<input>런천미트구이
뱅어포구이,뱅어포구이,뱅어포구이<input>뱅어포구이
버섯구이,버섯구이,버섯구이<input>버섯구이
삼겹살고추장구이,삼겹살고추장구이,삼겹살고추장구이<input>삼겹살고추장구이
삼겹살구이,삼겹살구이,삼겹살구이<input>삼겹살구이
삼치구이,삼치구이,삼치구이<input>삼치구이
새송이버섯구이,새송이버섯구이,새송이버섯구이<input>새송이버섯구이
새우구이,새우구이,새우구이<input>새우구이
쇠갈비구이,쇠갈비구이,쇠갈비구이<input>쇠갈비구이
쇠곱창구이,쇠곱창구이,쇠곱창구이<input>쇠곱창구이
쇠불고기,쇠불고기,쇠불고기<input>쇠불고기
안심스테이크,안심스테이크,안심스테이크<input>안심스테이크
오리고기구이,오리고기구이,오리고기구이<input>오리고기구이
오리불고기,오리불고기,오리불고기<input>오리불고기
장어고추장구이,장어고추장구이,장어고추장구이<input>장어고추장구이
조기구이,조기구이,조기구이<input>조기구이
조미김,조미김,조미김<input>조미김
쥐포구이,쥐포구이,쥐포구이<input>쥐포구이
참치머리구이,참치머리구이,참치머리구이<input>참치머리구이
치킨데리야끼,치킨데리야끼,치킨데리야끼<input>치킨데리야끼
키조개구이,키조개구이,키조개구이<input>키조개구이
표고버섯구이,표고버섯구이,표고버섯구이<input>표고버섯구이
함박스테이크,함박스테이크,함박스테이크<input>함박스테이크
햄구이,햄구이,햄구이<input>햄구이
갈비탕,갈비탕,갈비탕<input>갈비탕
감자된장국,감자된장국,감자된장국<input>감자된장국
감잣국,감잣국,감잣국<input>감잣국
곰탕,곰탕,곰탕<input>곰탕
굴무국,굴무국,굴무국<input>굴무국
근대된장국,근대된장국,근대된장국<input>근대된장국
김치콩나물국,김치콩나물국,김치콩나물국<input>김치콩나물국
김칫국,김칫국,김칫국<input>김칫국
꼬리곰탕,꼬리곰탕,꼬리곰탕<input>꼬리곰탕
냉이된장국,냉이된장국,냉이된장국<input>냉이된장국
달걀국,달걀국,달걀국<input>달걀국
닭개장,닭개장,닭개장<input>닭개장
닭곰탕,닭곰탕,닭곰탕<input>닭곰탕
대합미역국,대합미역국,대합미역국<input>대합미역국
도가니탕,도가니탕,도가니탕<input>도가니탕
동태국,동태국,동태국<input>동태국
메밀묵국,메밀묵국,메밀묵국<input>메밀묵국
무시래기된장국,무시래기된장국,무시래기된장국<input>무시래기된장국
미역국,미역국,미역국<input>미역국
미역냉국,미역냉국,미역냉국<input>미역냉국
미역된장국,미역된장국,미역된장국<input>미역된장국
미역오이냉국,미역오이냉국,미역오이냉국<input>미역오이냉국
배추된장국,배추된장국,배추된장국<input>배추된장국
북엇국,북엇국,북엇국<input>북엇국
뼈해장국,뼈해장국,뼈해장국<input>뼈해장국
사골국,사골국,사골국<input>사골국
삼계탕,삼계탕,삼계탕<input>삼계탕
새우미역국,새우미역국,새우미역국<input>새우미역국
새우탕,새우탕,새우탕<input>새우탕
선짓국(선지해장국),선짓국(선지해장국),선짓국(선지해장국)<input>선짓국(선지해장국)
설렁탕,설렁탕,설렁탕<input>설렁탕
쇠고기무국,쇠고기무국,쇠고기무국<input>쇠고기무국
쇠고기미역국,쇠고기미역국,쇠고기미역국<input>쇠고기미역국
쇠고기배춧국,쇠고기배춧국,쇠고기배춧국<input>쇠고기배춧국
순댓국,순댓국,순댓국<input>순댓국
순두부달걀탕,순두부달걀탕,순두부달걀탕<input>순두부달걀탕
시금치된장국,시금치된장국,시금치된장국<input>시금치된장국
쑥된장국,쑥된장국,쑥된장국<input>쑥된장국
아욱된장국,아욱된장국,아욱된장국<input>아욱된장국
애호박된장국,애호박된장국,애호박된장국<input>애호박된장국
어묵국,어묵국,어묵국<input>어묵국
얼갈이배춧국,얼갈이배춧국,얼갈이배춧국<input>얼갈이배춧국
오이냉국,오이냉국,오이냉국<input>오이냉국
오징어국,오징어국,오징어국<input>오징어국
우거지곰탕,우거지곰탕,우거지곰탕<input>우거지곰탕
우거지된장국,우거지된장국,우거지된장국<input>우거지된장국
육개장,육개장,육개장<input>육개장
일본된장국,일본된장국,일본된장국<input>일본된장국
재첩국,재첩국,재첩국<input>재첩국
조갯국,조갯국,조갯국<input>조갯국
콩나물국,콩나물국,콩나물국<input>콩나물국
콩나물된장국,콩나물된장국,콩나물된장국<input>콩나물된장국
토란국,토란국,토란국<input>토란국
해물된장국,해물된장국,해물된장국<input>해물된장국
호박잎된장국,호박잎된장국,호박잎된장국<input>호박잎된장국
홍합무국,홍합무국,홍합무국<input>홍합무국
갓김치,갓김치,갓김치<input>갓김치
고들빼기김치,고들빼기김치,고들빼기김치<input>고들빼기김치
깍두기,깍두기,깍두기<input>깍두기
깻잎김치,깻잎김치,깻잎김치<input>깻잎김치
나박김치,나박김치,나박김치<input>나박김치
돌나물물김치,돌나물물김치,돌나물물김치<input>돌나물물김치
동치미,동치미,동치미<input>동치미
배추김치,배추김치,배추김치<input>배추김치
백김치,백김치,백김치<input>백김치
보쌈김치,보쌈김치,보쌈김치<input>보쌈김치
부추김치,부추김치,부추김치<input>부추김치
얼갈이배추김치,얼갈이배추김치,얼갈이배추김치<input>얼갈이배추김치
열무김치,열무김치,열무김치<input>열무김치
오이김치,오이김치,오이김치<input>오이김치
오이소박이,오이소박이,오이소박이<input>오이소박이
총각김치,총각김치,총각김치<input>총각김치
파김치,파김치,파김치<input>파김치
가죽나물무침,가죽나물무침,가죽나물무침<input>가죽나물무침
가지나물무침,가지나물무침,가지나물무침<input>가지나물무침
건취나물무침,건취나물무침,건취나물무침<input>건취나물무침
고구마줄기나물무침,고구마줄기나물무침,고구마줄기나물무침<input>고구마줄기나물무침
고사리나물무침,고사리나물무침,고사리나물무침<input>고사리나물무침
고춧잎나물무침,고춧잎나물무침,고춧잎나물무침<input>고춧잎나물무침
깻잎나물무침,깻잎나물무침,깻잎나물무침<input>깻잎나물무침
냉이나물무침,냉이나물무침,냉이나물무침<input>냉이나물무침
도라지나물무침,도라지나물무침,도라지나물무침<input>도라지나물무침
머위대나물무침,머위대나물무침,머위대나물무침<input>머위대나물무침
무나물무침,무나물무침,무나물무침<input>무나물무침
방풍나물무침,방풍나물무침,방풍나물무침<input>방풍나물무침
배추나물무침,배추나물무침,배추나물무침<input>배추나물무침
비름나물무침,비름나물무침,비름나물무침<input>비름나물무침
숙주나물무침,숙주나물무침,숙주나물무침<input>숙주나물무침
시금치나물무침,시금치나물무침,시금치나물무침<input>시금치나물무침
시래기나물무침,시래기나물무침,시래기나물무침<input>시래기나물무침
씀바귀나물무침,씀바귀나물무침,씀바귀나물무침<input>씀바귀나물무침
애호박볶음,애호박볶음,애호박볶음<input>애호박볶음
열무나물무침,열무나물무침,열무나물무침<input>열무나물무침
열무된장나물무침,열무된장나물무침,열무된장나물무침<input>열무된장나물무침
오이나물무침,오이나물무침,오이나물무침<input>오이나물무침
유채나물무침,유채나물무침,유채나물무침<input>유채나물무침
참나물무침,참나물무침,참나물무침<input>참나물무침
취나물된장무침,취나물된장무침,취나물된장무침<input>취나물된장무침
콩나물고춧가루무침,콩나물고춧가루무침,콩나물고춧가루무침<input>콩나물고춧가루무침
콩나물무침,콩나물무침,콩나물무침<input>콩나물무침
토란대나물무침,토란대나물무침,토란대나물무침<input>토란대나물무침
톳나물무침,톳나물무침,톳나물무침<input>톳나물무침
간짜장,간짜장,간짜장<input>간짜장
고기만두,고기만두,고기만두<input>고기만두
군만두,군만두,군만두<input>군만두
김치만두,김치만두,김치만두<input>김치만두
달걀라면,달걀라면,달걀라면<input>달걀라면
떡국,떡국,떡국<input>떡국
떡라면,떡라면,떡라면<input>떡라면
떡만두국,떡만두국,떡만두국<input>떡만두국
라면,라면,라면<input>라면
막국수,막국수,막국수<input>막국수
만두,만두,만두<input>만두
메밀국수,메밀국수,메밀국수<input>메밀국수
물냉면,물냉면,물냉면<input>물냉면
물만두,물만두,물만두<input>물만두
미트볼토마토스파게티,미트볼토마토스파게티,미트볼토마토스파게티<input>미트볼토마토스파게티
바지락칼국수,바지락칼국수,바지락칼국수<input>바지락칼국수
볶음우동,볶음우동,볶음우동<input>볶음우동
비빔국수,비빔국수,비빔국수<input>비빔국수
비빔냉면,비빔냉면,비빔냉면<input>비빔냉면
사골만두국,사골만두국,사골만두국<input>사골만두국
수제비,수제비,수제비<input>수제비
월남쌈,월남쌈,월남쌈<input>월남쌈
잔치국수,잔치국수,잔치국수<input>잔치국수
쟁반국수,쟁반국수,쟁반국수<input>쟁반국수
짜장면,짜장면,짜장면<input>짜장면
짬뽕,짬뽕,짬뽕<input>짬뽕
쫄면,쫄면,쫄면<input>쫄면
칼국수,칼국수,칼국수<input>칼국수
콩국수,콩국수,콩국수<input>콩국수
회냉면,회냉면,회냉면<input>회냉면
검정콩밥,검정콩밥,검정콩밥<input>검정콩밥
계란볶음밥,계란볶음밥,계란볶음밥<input>계란볶음밥
고추김밥,고추김밥,고추김밥<input>고추김밥
기장밥,기장밥,기장밥<input>기장밥
김밥,김밥,김밥<input>김밥
김치김밥,김치김밥,김치김밥<input>김치김밥
김치볶음밥,김치볶음밥,김치볶음밥<input>김치볶음밥
낙지덮밥,낙지덮밥,낙지덮밥<input>낙지덮밥
날치알김밥,날치알김밥,날치알김밥<input>날치알김밥
닭고기덮밥,닭고기덮밥,닭고기덮밥<input>닭고기덮밥
돈까스김밥,돈까스김밥,돈까스김밥<input>돈까스김밥
돌솥비빔밥,돌솥비빔밥,돌솥비빔밥<input>돌솥비빔밥
돼지머리국밥,돼지머리국밥,돼지머리국밥<input>돼지머리국밥
모듬회덮밥,모듬회덮밥,모듬회덮밥<input>모듬회덮밥
무밥,무밥,무밥<input>무밥
보리밥,보리밥,보리밥<input>보리밥
볶음밥,볶음밥,볶음밥<input>볶음밥
불고기덮밥,불고기덮밥,불고기덮밥<input>불고기덮밥
비빔밥,비빔밥,비빔밥<input>비빔밥
새우볶음밥,새우볶음밥,새우볶음밥<input>새우볶음밥
생선모듬초밥,생선모듬초밥,생선모듬초밥<input>생선모듬초밥
쇠머리국밥,쇠머리국밥,쇠머리국밥<input>쇠머리국밥
쇠고기김밥,쇠고기김밥,쇠고기김밥<input>쇠고기김밥
쇠고기볶음밥,쇠고기볶음밥,쇠고기볶음밥<input>쇠고기볶음밥
쇠고기주먹밥,쇠고기주먹밥,쇠고기주먹밥<input>쇠고기주먹밥
수수밥,수수밥,수수밥<input>수수밥
순대국밥,순대국밥,순대국밥<input>순대국밥
알밥,알밥,알밥<input>알밥
영양돌솥밥,영양돌솥밥,영양돌솥밥<input>영양돌솥밥
오므라이스,오므라이스,오므라이스<input>오므라이스
오징어덮밥,오징어덮밥,오징어덮밥<input>오징어덮밥
완두콩밥,완두콩밥,완두콩밥<input>완두콩밥
유부초밥,유부초밥,유부초밥<input>유부초밥
육회비빔밥,육회비빔밥,육회비빔밥<input>육회비빔밥
잡곡밥,잡곡밥,잡곡밥<input>잡곡밥
잡채밥,잡채밥,잡채밥<input>잡채밥
제육덮밥,제육덮밥,제육덮밥<input>제육덮밥
짜장밥,짜장밥,짜장밥<input>짜장밥
짬뽕밥,짬뽕밥,짬뽕밥<input>짬뽕밥
차조밥,차조밥,차조밥<input>차조밥
찰밥,찰밥,찰밥<input>찰밥
참치김밥,참치김밥,참치김밥<input>참치김밥
참치마요삼각김밥,참치마요삼각김밥,참치마요삼각김밥<input>참치마요삼각김밥
참치볶음밥,참치볶음밥,참치볶음밥<input>참치볶음밥
채소김밥,채소김밥,채소김밥<input>채소김밥
채소볶음밥,채소볶음밥,채소볶음밥<input>채소볶음밥
치즈김밥,치즈김밥,치즈김밥<input>치즈김밥
카레라이스,카레라이스,카레라이스<input>카레라이스
콩나물국밥,콩나물국밥,콩나물국밥<input>콩나물국밥
콩나물밥,콩나물밥,콩나물밥<input>콩나물밥
팥밥,팥밥,팥밥<input>팥밥
표고버섯볶음밥,표고버섯볶음밥,표고버섯볶음밥<input>표고버섯볶음밥
하이라이스,하이라이스,하이라이스<input>하이라이스
현미밥,현미밥,현미밥<input>현미밥
흑미밥,흑미밥,흑미밥<input>흑미밥
감자볶음,감자볶음,감자볶음<input>감자볶음
감자채소볶음,감자채소볶음,감자채소볶음<input>감자채소볶음
건새우볶음,건새우볶음,건새우볶음<input>건새우볶음
고추볶음,고추볶음,고추볶음<input>고추볶음
김치볶음,김치볶음,김치볶음<input>김치볶음
꽈리고추멸치볶음,꽈리고추멸치볶음,꽈리고추멸치볶음<input>꽈리고추멸치볶음
낙지볶음,낙지볶음,낙지볶음<input>낙지볶음
느타리버섯볶음,느타리버섯볶음,느타리버섯볶음<input>느타리버섯볶음
닭가슴살피망볶음,닭가슴살피망볶음,닭가슴살피망볶음<input>닭가슴살피망볶음
닭발볶음,닭발볶음,닭발볶음<input>닭발볶음
닭볶음,닭볶음,닭볶음<input>닭볶음
당근볶음,당근볶음,당근볶음<input>당근볶음
돼지고기김치볶음,돼지고기김치볶음,돼지고기김치볶음<input>돼지고기김치볶음
돼지고기채소볶음,돼지고기채소볶음,돼지고기채소볶음<input>돼지고기채소볶음
돼지곱창순대볶음,돼지곱창순대볶음,돼지곱창순대볶음<input>돼지곱창순대볶음
떡볶이,떡볶이,떡볶이<input>떡볶이
라볶이,라볶이,라볶이<input>라볶이
마늘쫑볶음,마늘쫑볶음,마늘쫑볶음<input>마늘쫑볶음
마늘쫑잔멸치볶음,마늘쫑잔멸치볶음,마늘쫑잔멸치볶음<input>마늘쫑잔멸치볶음
마파두부,마파두부,마파두부<input>마파두부
멸치견과류볶음,멸치견과류볶음,멸치견과류볶음<input>멸치견과류볶음
멸치마늘쫑볶음,멸치마늘쫑볶음,멸치마늘쫑볶음<input>멸치마늘쫑볶음
멸치볶음,멸치볶음,멸치볶음<input>멸치볶음
묵은지삼겹살볶음,묵은지삼겹살볶음,묵은지삼겹살볶음<input>묵은지삼겹살볶음
문어고추장볶음,문어고추장볶음,문어고추장볶음<input>문어고추장볶음
미역줄기볶음,미역줄기볶음,미역줄기볶음<input>미역줄기볶음
브로콜리볶음,브로콜리볶음,브로콜리볶음<input>브로콜리볶음
새송이버섯볶음,새송이버섯볶음,새송이버섯볶음<input>새송이버섯볶음
새우볶음,새우볶음,새우볶음<input>새우볶음
소시지볶음,소시지볶음,소시지볶음<input>소시지볶음
쇠고기고추장볶음,쇠고기고추장볶음,쇠고기고추장볶음<input>쇠고기고추장볶음
쇠고기버섯볶음,쇠고기버섯볶음,쇠고기버섯볶음<input>쇠고기버섯볶음
쇠고기볶음,쇠고기볶음,쇠고기볶음<input>쇠고기볶음
쇠고기채소볶음,쇠고기채소볶음,쇠고기채소볶음<input>쇠고기채소볶음
양파볶음,양파볶음,양파볶음<input>양파볶음
어묵볶음,어묵볶음,어묵볶음<input>어묵볶음
어묵잡채,어묵잡채,어묵잡채<input>어묵잡채
어묵채소볶음,어묵채소볶음,어묵채소볶음<input>어묵채소볶음
오징어볶음,오징어볶음,오징어볶음<input>오징어볶음
오징어채볶음,오징어채볶음,오징어채볶음<input>오징어채볶음
유산슬,유산슬,유산슬<input>유산슬
잔멸치견과류볶음,잔멸치견과류볶음,잔멸치견과류볶음<input>잔멸치견과류볶음
잔멸치고추볶음,잔멸치고추볶음,잔멸치고추볶음<input>잔멸치고추볶음
잔멸치꽈리고추볶음,잔멸치꽈리고추볶음,잔멸치꽈리고추볶음<input>잔멸치꽈리고추볶음
잔멸치볶음,잔멸치볶음,잔멸치볶음<input>잔멸치볶음
잔멸치풋고추볶음,잔멸치풋고추볶음,잔멸치풋고추볶음<input>잔멸치풋고추볶음
잡채,잡채,잡채<input>잡채
제육볶음,제육볶음,제육볶음<input>제육볶음
죽순쇠고기볶음,죽순쇠고기볶음,죽순쇠고기볶음<input>죽순쇠고기볶음
참치김치볶음,참치김치볶음,참치김치볶음<input>참치김치볶음
채소떡볶이,채소떡볶이,채소떡볶이<input>채소떡볶이
콩나물잡채,콩나물잡채,콩나물잡채<input>콩나물잡채
팔보채,팔보채,팔보채<input>팔보채
햄채소볶음,햄채소볶음,햄채소볶음<input>햄채소볶음
BLT샌드위치,BLT샌드위치,BLT샌드위치<input>BLT샌드위치
감자크로켓,감자크로켓,감자크로켓<input>감자크로켓
꽈배기,꽈배기,꽈배기<input>꽈배기
닭가슴살샌드위치,닭가슴살샌드위치,닭가슴살샌드위치<input>닭가슴살샌드위치
도넛,도넛,도넛<input>도넛
롤케이크,롤케이크,롤케이크<input>롤케이크
링도넛,링도넛,링도넛<input>링도넛
마늘빵,마늘빵,마늘빵<input>마늘빵
머핀,머핀,머핀<input>머핀
모닝빵,모닝빵,모닝빵<input>모닝빵
모카빵,모카빵,모카빵<input>모카빵
베이글,베이글,베이글<input>베이글
불고기버거,불고기버거,불고기버거<input>불고기버거
사과파이,사과파이,사과파이<input>사과파이
생크림케이크,생크림케이크,생크림케이크<input>생크림케이크
소보로빵,소보로빵,소보로빵<input>소보로빵
식빵,식빵,식빵<input>식빵
식빵토스트,식빵토스트,식빵토스트<input>식빵토스트
찐빵,찐빵,찐빵<input>찐빵
참치샌드위치,참치샌드위치,참치샌드위치<input>참치샌드위치
찹쌀도넛,찹쌀도넛,찹쌀도넛<input>찹쌀도넛
채소샌드위치,채소샌드위치,채소샌드위치<input>채소샌드위치
초코소라빵,초코소라빵,초코소라빵<input>초코소라빵
츄러스,츄러스,츄러스<input>츄러스
치킨버거,치킨버거,치킨버거<input>치킨버거
카스텔라,카스텔라,카스텔라<input>카스텔라
콤비네이션피자,콤비네이션피자,콤비네이션피자<input>콤비네이션피자
크로아상,크로아상,크로아상<input>크로아상
페이스트리,페이스트리,페이스트리<input>페이스트리
피자빵,피자빵,피자빵<input>피자빵
햄버거,햄버거,햄버거<input>햄버거
햄샌드위치,햄샌드위치,햄샌드위치<input>햄샌드위치
햄치즈샌드위치,햄치즈샌드위치,햄치즈샌드위치<input>햄치즈샌드위치
호떡,호떡,호떡<input>호떡
가오리회무침,가오리회무침,가오리회무침<input>가오리회무침
감자샐러드,감자샐러드,감자샐러드<input>감자샐러드
골뱅이국수무침,골뱅이국수무침,골뱅이국수무침<input>골뱅이국수무침
과일샐러드,과일샐러드,과일샐러드<input>과일샐러드
굴무생채,굴무생채,굴무생채<input>굴무생채
굴무침,굴무침,굴무침<input>굴무침
김무침,김무침,김무침<input>김무침
낙지무침,낙지무침,낙지무침<input>낙지무침
느타리버섯무침,느타리버섯무침,느타리버섯무침<input>느타리버섯무침
다시마무침,다시마무침,다시마무침<input>다시마무침
단호박샐러드,단호박샐러드,단호박샐러드<input>단호박샐러드
달래무침,달래무침,달래무침<input>달래무침
닭가슴살샐러드,닭가슴살샐러드,닭가슴살샐러드<input>닭가슴살샐러드
닭고기냉채,닭고기냉채,닭고기냉채<input>닭고기냉채
도라지생채,도라지생채,도라지생채<input>도라지생채
도라지오이생채,도라지오이생채,도라지오이생채<input>도라지오이생채
도토리묵무침,도토리묵무침,도토리묵무침<input>도토리묵무침
돌나물무침,돌나물무침,돌나물무침<input>돌나물무침
두릅초고추장무침,두릅초고추장무침,두릅초고추장무침<input>두릅초고추장무침
마늘쫑무침,마늘쫑무침,마늘쫑무침<input>마늘쫑무침
무말랭이무침,무말랭이무침,무말랭이무침<input>무말랭이무침
무생채,무생채,무생채<input>무생채
미나리무침,미나리무침,미나리무침<input>미나리무침
미역초무침,미역초무침,미역초무침<input>미역초무침
민들레잎무침,민들레잎무침,민들레잎무침<input>민들레잎무침
배추겉절이,배추겉절이,배추겉절이<input>배추겉절이
부추무침,부추무침,부추무침<input>부추무침
북어채무침,북어채무침,북어채무침<input>북어채무침
상추겉절이,상추겉절이,상추겉절이<input>상추겉절이
새싹채소샐러드,새싹채소샐러드,새싹채소샐러드<input>새싹채소샐러드
양배추샐러드,양배추샐러드,양배추샐러드<input>양배추샐러드
양상추샐러드,양상추샐러드,양상추샐러드<input>양상추샐러드
양장피,양장피,양장피<input>양장피
양파부추무침,양파부추무침,양파부추무침<input>양파부추무침
열무겉절이,열무겉절이,열무겉절이<input>열무겉절이
오이부추무침,오이부추무침,오이부추무침<input>오이부추무침
오이생채,오이생채,오이생채<input>오이생채
오이지무침,오이지무침,오이지무침<input>오이지무침
오징어무침,오징어무침,오징어무침<input>오징어무침
오징어물회,오징어물회,오징어물회<input>오징어물회
오징어채무침,오징어채무침,오징어채무침<input>오징어채무침
오징어채소무침,오징어채소무침,오징어채소무침<input>오징어채소무침
옥수수샐러드,옥수수샐러드,옥수수샐러드<input>옥수수샐러드
참치샐러드,참치샐러드,참치샐러드<input>참치샐러드
채소샐러드,채소샐러드,채소샐러드<input>채소샐러드
치커리겉절이,치커리겉절이,치커리겉절이<input>치커리겉절이
파래무침,파래무침,파래무침<input>파래무침
파무침,파무침,파무침<input>파무침
풋고추된장무침,풋고추된장무침,풋고추된장무침<input>풋고추된장무침
풋마늘무침,풋마늘무침,풋마늘무침<input>풋마늘무침
피조개무침,피조개무침,피조개무침<input>피조개무침
해초무침,해초무침,해초무침<input>해초무침
호박오가리나물무침,호박오가리나물무침,호박오가리나물무침<input>호박오가리나물무침
회무침,회무침,회무침<input>회무침
육회,육회,육회<input>육회
팥빙수,팥빙수,팥빙수<input>팥빙수
미숫가루,미숫가루,미숫가루<input>미숫가루
고추장아찌,고추장아찌,고추장아찌<input>고추장아찌
깻잎장아찌,깻잎장아찌,깻잎장아찌<input>깻잎장아찌
단무지,단무지,단무지<input>단무지
더덕장아찌,더덕장아찌,더덕장아찌<input>더덕장아찌
마늘장아찌,마늘장아찌,마늘장아찌<input>마늘장아찌
무짠지,무짠지,무짠지<input>무짠지
양파장아찌,양파장아찌,양파장아찌<input>양파장아찌
오이장아찌,오이장아찌,오이장아찌<input>오이장아찌
오이지,오이지,오이지<input>오이지
일본매실장아찌,일본매실장아찌,일본매실장아찌<input>일본매실장아찌
치킨무,치킨무,치킨무<input>치킨무
가지전,가지전,가지전<input>가지전
감자전,감자전,감자전<input>감자전
고구마전,고구마전,고구마전<input>고구마전
김치전,김치전,김치전<input>김치전
달걀말이,달걀말이,달걀말이<input>달걀말이
달걀프라이,달걀프라이,달걀프라이<input>달걀프라이
돼지고기완자전,돼지고기완자전,돼지고기완자전<input>돼지고기완자전
두부부침,두부부침,두부부침<input>두부부침
떡갈비,떡갈비,떡갈비<input>떡갈비
맛살전,맛살전,맛살전<input>맛살전
메밀전,메밀전,메밀전<input>메밀전
부추전,부추전,부추전<input>부추전
쇠고기완자전,쇠고기완자전,쇠고기완자전<input>쇠고기완자전
스크램블드에그,스크램블드에그,스크램블드에그<input>스크램블드에그
애호박전,애호박전,애호박전<input>애호박전
참치완자전,참치완자전,참치완자전<input>참치완자전
채소전,채소전,채소전<input>채소전
표고버섯전,표고버섯전,표고버섯전<input>표고버섯전
해물완자전,해물완자전,해물완자전<input>해물완자전
해물파전,해물파전,해물파전<input>해물파전
햄달걀부침,햄달걀부침,햄달걀부침<input>햄달걀부침
가자미식해,가자미식해,가자미식해<input>가자미식해
간장게장,간장게장,간장게장<input>간장게장
양념갈치젓,양념갈치젓,양념갈치젓<input>양념갈치젓
양념게장,양념게장,양념게장<input>양념게장
양념멸치젓,양념멸치젓,양념멸치젓<input>양념멸치젓
양념새우젓,양념새우젓,양념새우젓<input>양념새우젓
오징어젓,오징어젓,오징어젓<input>오징어젓
갈치조림,갈치조림,갈치조림<input>갈치조림
감자조림,감자조림,감자조림<input>감자조림
건갈치조림,건갈치조림,건갈치조림<input>건갈치조림
고등어조림,고등어조림,고등어조림<input>고등어조림
꽁치조림,꽁치조림,꽁치조림<input>꽁치조림
달걀장조림,달걀장조림,달걀장조림<input>달걀장조림
닭고추장조림,닭고추장조림,닭고추장조림<input>닭고추장조림
닭조림,닭조림,닭조림<input>닭조림
돼지고기메추리알장조림,돼지고기메추리알장조림,돼지고기메추리알장조림<input>돼지고기메추리알장조림
돼지고기장조림,돼지고기장조림,돼지고기장조림<input>돼지고기장조림
두부조림,두부조림,두부조림<input>두부조림
땅콩조림,땅콩조림,땅콩조림<input>땅콩조림
마늘쫑조림,마늘쫑조림,마늘쫑조림<input>마늘쫑조림
메추리알장조림,메추리알장조림,메추리알장조림<input>메추리알장조림
멸치조림,멸치조림,멸치조림<input>멸치조림
무조림,무조림,무조림<input>무조림
미트볼조림,미트볼조림,미트볼조림<input>미트볼조림
버섯조림,버섯조림,버섯조림<input>버섯조림
병어조림,병어조림,병어조림<input>병어조림
삼치조림,삼치조림,삼치조림<input>삼치조림
쇠고기메추리알장조림,쇠고기메추리알장조림,쇠고기메추리알장조림<input>쇠고기메추리알장조림
쇠고기장조림,쇠고기장조림,쇠고기장조림<input>쇠고기장조림
양미리조림,양미리조림,양미리조림<input>양미리조림
어묵조림,어묵조림,어묵조림<input>어묵조림
연근조림,연근조림,연근조림<input>연근조림
오징어조림,오징어조림,오징어조림<input>오징어조림
오징어채조림,오징어채조림,오징어채조림<input>오징어채조림
우엉조림,우엉조림,우엉조림<input>우엉조림
쥐포조림,쥐포조림,쥐포조림<input>쥐포조림
코다리조림,코다리조림,코다리조림<input>코다리조림
콩조림,콩조림,콩조림<input>콩조림
닭죽,닭죽,닭죽<input>닭죽
쇠고기죽,쇠고기죽,쇠고기죽<input>쇠고기죽
양송이스프,양송이스프,양송이스프<input>양송이스프
오리고기죽,오리고기죽,오리고기죽<input>오리고기죽
전복죽,전복죽,전복죽<input>전복죽
채소죽,채소죽,채소죽<input>채소죽
팥죽,팥죽,팥죽<input>팥죽
호박죽,호박죽,호박죽<input>호박죽
흑임자죽,흑임자죽,흑임자죽<input>흑임자죽
갈치찌개,갈치찌개,갈치찌개<input>갈치찌개
감자탕,감자탕,감자탕<input>감자탕
김치전골,김치전골,김치전골<input>김치전골
꽁치김치찌개,꽁치김치찌개,꽁치김치찌개<input>꽁치김치찌개
꽃게탕,꽃게탕,꽃게탕<input>꽃게탕
낙지전골,낙지전골,낙지전골<input>낙지전골
내장탕,내장탕,내장탕<input>내장탕
냉이된장찌개,냉이된장찌개,냉이된장찌개<input>냉이된장찌개
달래된장찌개,달래된장찌개,달래된장찌개<input>달래된장찌개
닭볶음탕,닭볶음탕,닭볶음탕<input>닭볶음탕
대구매운탕,대구매운탕,대구매운탕<input>대구매운탕
동태찌개,동태찌개,동태찌개<input>동태찌개
돼지고기김치찌개,돼지고기김치찌개,돼지고기김치찌개<input>돼지고기김치찌개
돼지고기찌개,돼지고기찌개,돼지고기찌개<input>돼지고기찌개
된장찌개,된장찌개,된장찌개<input>된장찌개
두부고추장찌개,두부고추장찌개,두부고추장찌개<input>두부고추장찌개
두부된장찌개,두부된장찌개,두부된장찌개<input>두부된장찌개
두부쇠고기고추장찌개,두부쇠고기고추장찌개,두부쇠고기고추장찌개<input>두부쇠고기고추장찌개
두부애호박된장찌개,두부애호박된장찌개,두부애호박된장찌개<input>두부애호박된장찌개
버섯샤브샤브,버섯샤브샤브,버섯샤브샤브<input>버섯샤브샤브
버섯전골,버섯전골,버섯전골<input>버섯전골
부대찌개,부대찌개,부대찌개<input>부대찌개
쇠고기샤브샤브,쇠고기샤브샤브,쇠고기샤브샤브<input>쇠고기샤브샤브
쇠고기된장찌개,쇠고기된장찌개,쇠고기된장찌개<input>쇠고기된장찌개
쇠고기전골,쇠고기전골,쇠고기전골<input>쇠고기전골
순두부김치찌개,순두부김치찌개,순두부김치찌개<input>순두부김치찌개
순두부찌개,순두부찌개,순두부찌개<input>순두부찌개
알탕,알탕,알탕<input>알탕
어묵김치찌개,어묵김치찌개,어묵김치찌개<input>어묵김치찌개
오리백숙,오리백숙,오리백숙<input>오리백숙
오리탕,오리탕,오리탕<input>오리탕
오징어찌개,오징어찌개,오징어찌개<input>오징어찌개
장어탕,장어탕,장어탕<input>장어탕
조개된장찌개,조개된장찌개,조개된장찌개<input>조개된장찌개
참치김치찌개,참치김치찌개,참치김치찌개<input>참치김치찌개
청국장찌개,청국장찌개,청국장찌개<input>청국장찌개
추어탕,추어탕,추어탕<input>추어탕
콩나물된장찌개,콩나물된장찌개,콩나물된장찌개<input>콩나물된장찌개
콩비지찌개,콩비지찌개,콩비지찌개<input>콩비지찌개
해물매운탕,해물매운탕,해물매운탕<input>해물매운탕
햄김치찌개,햄김치찌개,햄김치찌개<input>햄김치찌개
호박고추장찌개,호박고추장찌개,호박고추장찌개<input>호박고추장찌개
가오리찜,가오리찜,가오리찜<input>가오리찜
깻잎찜,깻잎찜,깻잎찜<input>깻잎찜
꼬막찜,꼬막찜,꼬막찜<input>꼬막찜
꽈리고추찜,꽈리고추찜,꽈리고추찜<input>꽈리고추찜
달걀찜(우유),달걀찜(우유),달걀찜(우유)<input>달걀찜(우유)
달걀찜(새우젓),달걀찜(새우젓),달걀찜(새우젓)<input>달걀찜(새우젓)
닭찜,닭찜,닭찜<input>닭찜
돼지갈비찜,돼지갈비찜,돼지갈비찜<input>돼지갈비찜
돼지고기수육,돼지고기수육,돼지고기수육<input>돼지고기수육
쇠갈비찜,쇠갈비찜,쇠갈비찜<input>쇠갈비찜
쇠고기사태찜,쇠고기사태찜,쇠고기사태찜<input>쇠고기사태찜
쇠고기수육,쇠고기수육,쇠고기수육<input>쇠고기수육
아귀찜,아귀찜,아귀찜<input>아귀찜
애호박찜,애호박찜,애호박찜<input>애호박찜
족발,족발,족발<input>족발
코다리찜,코다리찜,코다리찜<input>코다리찜
풋고추찜,풋고추찜,풋고추찜<input>풋고추찜
해물콩나물찜,해물콩나물찜,해물콩나물찜<input>해물콩나물찜
간장양념닭다리튀김,간장양념닭다리튀김,간장양념닭다리튀김<input>간장양념닭다리튀김
간장양념치킨,간장양념치킨,간장양념치킨<input>간장양념치킨
감자튀김,감자튀김,감자튀김<input>감자튀김
고등어튀김,고등어튀김,고등어튀김<input>고등어튀김
김말이튀김,김말이튀김,김말이튀김<input>김말이튀김
김튀김,김튀김,김튀김<input>김튀김
깐풍기,깐풍기,깐풍기<input>깐풍기
다시마튀각,다시마튀각,다시마튀각<input>다시마튀각
닭강정,닭강정,닭강정<input>닭강정
닭날개튀김,닭날개튀김,닭날개튀김<input>닭날개튀김
등심돈까스,등심돈까스,등심돈까스<input>등심돈까스
떡강정,떡강정,떡강정<input>떡강정
미역튀각,미역튀각,미역튀각<input>미역튀각
새우탕수육,새우탕수육,새우탕수육<input>새우탕수육
새우튀김,새우튀김,새우튀김<input>새우튀김
소시지튀김,소시지튀김,소시지튀김<input>소시지튀김
오징어튀김,오징어튀김,오징어튀김<input>오징어튀김
채소튀김,채소튀김,채소튀김<input>채소튀김
치킨너겟,치킨너겟,치킨너겟<input>치킨너겟
탕수육,탕수육,탕수육<input>탕수육
후라이드치킨,후라이드치킨,후라이드치킨<input>후라이드치킨
